"Longitude (x)","Latitude (y)","Station Name","Climate ID","Date/Time (LST)","Year","Month","Day","Time (LST)","Temp (°C)","Temp Flag","Dew Point Temp (°C)","Dew Point Temp Flag","Rel Hum (%)","Rel Hum Flag","Precip. Amount (mm)","Precip. Amount Flag","Wind Dir (10s deg)","Wind Dir Flag","Wind Spd (km/h)","Wind Spd Flag","Visibility (km)","Visibility Flag","Stn Press (kPa)","Stn Press Flag","Hmdx","Hmdx Flag","Wind Chill","Wind Chill Flag","Weather"
"-52.75","47.62","ST. JOHN'S INTL A","8403505","2012-03-01 00:30","2012","03","01","00:30"
"-52.75","47.62","ST. JOHN'S INTL A","8403505","2012-03-01 01:30","2012","03","01","01:30"
"-52.75","47.62","ST. JOHN'S INTL A","8403505","2012-03-01 02:30","2012","03","01","02:30"
"-52.75","47.62","ST. JOHN'S INTL A","8403505","2012-03-01 03:30","2012","03","01","03:30"
"-52.75","47.62","ST. JOHN'S INTL A","8403505","2012-03-01 04:30","2012","03","01","04:30"
"-52.75","47.62","ST. JOHN'S INTL A","8403505","2012-03-01 05:30","2012","03","01","05:30"
"-52.75","47.62","ST. JOHN'S INTL A","8403505","2012-03-01 06:30","2012","03","01","06:30"
"-52.75","47.62","ST. JOHN'S INTL A","8403505","2012-03-01 07:30","2012","03","01","07:30"
"-52.75","47.62","ST. JOHN'S INTL A","8403505","2012-03-01 08:30","2012","03","01","08:30"
"-52.75","47.62","ST. JOHN'S INTL A","8403505","2012-03-01 09:30","2012","03","01","09:30"
"-52.75","47.62","ST. JOHN'S INTL A","8403505","2012-03-01 10:30","2012","03","01","10:30"
"-52.75","47.62","ST. JOHN'S INTL A","8403505","2012-03-01 11:30","2012","03","01","11:30"
"-52.75","47.62","ST. JOHN'S INTL A","8403505","2012-03-01 12:30","2012","03","01","12:30"
"-52.75","47.62","ST. JOHN'S INTL A","8403505","2012-03-01 13:30","2012","03","01","13:30"
"-52.75","47.62","ST. JOHN'S INTL A","8403505","2012-03-01 14:30","2012","03","01","14:30"
"-52.75","47.62","ST. JOHN'S INTL A","8403505","2012-03-01 15:30","2012","03","01","15:30"
"-52.75","47.62","ST. JOHN'S INTL A","8403505","2012-03-01 16:30","2012","03","01","16:30"
"-52.75","47.62","ST. JOHN'S INTL A","8403505","2012-03-01 17:30","2012","03","01","17:30"
"-52.75","47.62","ST. JOHN'S INTL A","8403505","2012-03-01 18:30","2012","03","01","18:30"
"-52.75","47.62","ST. JOHN'S INTL A","8403505","2012-03-01 19:30","2012","03","01","19:30"
"-52.75","47.62","ST. JOHN'S INTL A","8403505","2012-03-01 20:30","2012","03","01","20:30"
"-52.75","47.62","ST. JOHN'S INTL A","8403505","2012-03-01 21:30","2012","03","01","21:30"
"-52.75","47.62","ST. JOHN'S INTL A","8403505","2012-03-01 22:30","2012","03","01","22:30"
"-52.75","47.62","ST. JOHN'S INTL A","8403505","2012-03-01 23:30","2012","03","01","23:30"
"-52.75","47.62","ST. JOHN'S INTL A","8403505","2012-03-02 00:30","2012","03","02","00:30"
"-52.75","47.62","ST. JOHN'S INTL A","8403505","2012-03-02 01:30","2012","03","02","01:30"
"-52.75","47.62","ST. JOHN'S INTL A","8403505","2012-03-02 02:30","2012","03","02","02:30"
"-52.75","47.62","ST. JOHN'S INTL A","8403505","2012-03-02 03:30","2012","03","02","03:30"
"-52.75","47.62","ST. JOHN'S INTL A","8403505","2012-03-02 04:30","2012","03","02","04:30"
"-52.75","47.62","ST. JOHN'S INTL A","8403505","2012-03-02 05:30","2012","03","02","05:30"
"-52.75","47.62","ST. JOHN'S INTL A","8403505","2012-03-02 06:30","2012","03","02","06:30"
"-52.75","47.62","ST. JOHN'S INTL A","8403505","2012-03-02 07:30","2012","03","02","07:30"
"-52.75","47.62","ST. JOHN'S INTL A","8403505","2012-03-02 08:30","2012","03","02","08:30"
"-52.75","47.62","ST. JOHN'S INTL A","8403505","2012-03-02 09:30","2012","03","02","09:30"
"-52.75","47.62","ST. JOHN'S INTL A","8403505","2012-03-02 10:30","2012","03","02","10:30"
"-52.75","47.62","ST. JOHN'S INTL A","8403505","2012-03-02 11:30","2012","03","02","11:30"
"-52.75","47.62","ST. JOHN'S INTL A","8403505","2012-03-02 12:30","2012","03","02","12:30"
"-52.75","47.62","ST. JOHN'S INTL A","8403505","2012-03-02 13:30","2012","03","02","13:30"
"-52.75","47.62","ST. JOHN'S INTL A","8403505","2012-03-02 14:30","2012","03","02","14:30"
"-52.75","47.62","ST. JOHN'S INTL A","8403505","2012-03-02 15:30","2012","03","02","15:30"
"-52.75","47.62","ST. JOHN'S INTL A","8403505","2012-03-02 16:30","2012","03","02","16:30"
"-52.75","47.62","ST. JOHN'S INTL A","8403505","2012-03-02 17:30","2012","03","02","17:30"
"-52.75","47.62","ST. JOHN'S INTL A","8403505","2012-03-02 18:30","2012","03","02","18:30"
"-52.75","47.62","ST. JOHN'S INTL A","8403505","2012-03-02 19:30","2012","03","02","19:30"
"-52.75","47.62","ST. JOHN'S INTL A","8403505","2012-03-02 20:30","2012","03","02","20:30"
"-52.75","47.62","ST. JOHN'S INTL A","8403505","2012-03-02 21:30","2012","03","02","21:30"
"-52.75","47.62","ST. JOHN'S INTL A","8403505","2012-03-02 22:30","2012","03","02","22:30"
"-52.75","47.62","ST. JOHN'S INTL A","8403505","2012-03-02 23:30","2012","03","02","23:30"
"-52.75","47.62","ST. JOHN'S INTL A","8403505","2012-03-03 00:30","2012","03","03","00:30"
"-52.75","47.62","ST. JOHN'S INTL A","8403505","2012-03-03 01:30","2012","03","03","01:30"
"-52.75","47.62","ST. JOHN'S INTL A","8403505","2012-03-03 02:30","2012","03","03","02:30"
"-52.75","47.62","ST. JOHN'S INTL A","8403505","2012-03-03 03:30","2012","03","03","03:30"
"-52.75","47.62","ST. JOHN'S INTL A","8403505","2012-03-03 04:30","2012","03","03","04:30"
"-52.75","47.62","ST. JOHN'S INTL A","8403505","2012-03-03 05:30","2012","03","03","05:30"
"-52.75","47.62","ST. JOHN'S INTL A","8403505","2012-03-03 06:30","2012","03","03","06:30"
"-52.75","47.62","ST. JOHN'S INTL A","8403505","2012-03-03 07:30","2012","03","03","07:30"
"-52.75","47.62","ST. JOHN'S INTL A","8403505","2012-03-03 08:30","2012","03","03","08:30"
"-52.75","47.62","ST. JOHN'S INTL A","8403505","2012-03-03 09:30","2012","03","03","09:30"
"-52.75","47.62","ST. JOHN'S INTL A","8403505","2012-03-03 10:30","2012","03","03","10:30"
"-52.75","47.62","ST. JOHN'S INTL A","8403505","2012-03-03 11:30","2012","03","03","11:30"
"-52.75","47.62","ST. JOHN'S INTL A","8403505","2012-03-03 12:30","2012","03","03","12:30"
"-52.75","47.62","ST. JOHN'S INTL A","8403505","2012-03-03 13:30","2012","03","03","13:30"
"-52.75","47.62","ST. JOHN'S INTL A","8403505","2012-03-03 14:30","2012","03","03","14:30"
"-52.75","47.62","ST. JOHN'S INTL A","8403505","2012-03-03 15:30","2012","03","03","15:30"
"-52.75","47.62","ST. JOHN'S INTL A","8403505","2012-03-03 16:30","2012","03","03","16:30"
"-52.75","47.62","ST. JOHN'S INTL A","8403505","2012-03-03 17:30","2012","03","03","17:30"
"-52.75","47.62","ST. JOHN'S INTL A","8403505","2012-03-03 18:30","2012","03","03","18:30"
"-52.75","47.62","ST. JOHN'S INTL A","8403505","2012-03-03 19:30","2012","03","03","19:30"
"-52.75","47.62","ST. JOHN'S INTL A","8403505","2012-03-03 20:30","2012","03","03","20:30"
"-52.75","47.62","ST. JOHN'S INTL A","8403505","2012-03-03 21:30","2012","03","03","21:30"
"-52.75","47.62","ST. JOHN'S INTL A","8403505","2012-03-03 22:30","2012","03","03","22:30"
"-52.75","47.62","ST. JOHN'S INTL A","8403505","2012-03-03 23:30","2012","03","03","23:30"
"-52.75","47.62","ST. JOHN'S INTL A","8403505","2012-03-04 00:30","2012","03","04","00:30"
"-52.75","47.62","ST. JOHN'S INTL A","8403505","2012-03-04 01:30","2012","03","04","01:30"
"-52.75","47.62","ST. JOHN'S INTL A","8403505","2012-03-04 02:30","2012","03","04","02:30"
"-52.75","47.62","ST. JOHN'S INTL A","8403505","2012-03-04 03:30","2012","03","04","03:30"
"-52.75","47.62","ST. JOHN'S INTL A","8403505","2012-03-04 04:30","2012","03","04","04:30"
"-52.75","47.62","ST. JOHN'S INTL A","8403505","2012-03-04 05:30","2012","03","04","05:30"
"-52.75","47.62","ST. JOHN'S INTL A","8403505","2012-03-04 06:30","2012","03","04","06:30"
"-52.75","47.62","ST. JOHN'S INTL A","8403505","2012-03-04 07:30","2012","03","04","07:30"
"-52.75","47.62","ST. JOHN'S INTL A","8403505","2012-03-04 08:30","2012","03","04","08:30"
"-52.75","47.62","ST. JOHN'S INTL A","8403505","2012-03-04 09:30","2012","03","04","09:30"
"-52.75","47.62","ST. JOHN'S INTL A","8403505","2012-03-04 10:30","2012","03","04","10:30"
"-52.75","47.62","ST. JOHN'S INTL A","8403505","2012-03-04 11:30","2012","03","04","11:30"
"-52.75","47.62","ST. JOHN'S INTL A","8403505","2012-03-04 12:30","2012","03","04","12:30"
"-52.75","47.62","ST. JOHN'S INTL A","8403505","2012-03-04 13:30","2012","03","04","13:30"
"-52.75","47.62","ST. JOHN'S INTL A","8403505","2012-03-04 14:30","2012","03","04","14:30"
"-52.75","47.62","ST. JOHN'S INTL A","8403505","2012-03-04 15:30","2012","03","04","15:30"
"-52.75","47.62","ST. JOHN'S INTL A","8403505","2012-03-04 16:30","2012","03","04","16:30"
"-52.75","47.62","ST. JOHN'S INTL A","8403505","2012-03-04 17:30","2012","03","04","17:30"
"-52.75","47.62","ST. JOHN'S INTL A","8403505","2012-03-04 18:30","2012","03","04","18:30"
"-52.75","47.62","ST. JOHN'S INTL A","8403505","2012-03-04 19:30","2012","03","04","19:30"
"-52.75","47.62","ST. JOHN'S INTL A","8403505","2012-03-04 20:30","2012","03","04","20:30"
"-52.75","47.62","ST. JOHN'S INTL A","8403505","2012-03-04 21:30","2012","03","04","21:30"
"-52.75","47.62","ST. JOHN'S INTL A","8403505","2012-03-04 22:30","2012","03","04","22:30"
"-52.75","47.62","ST. JOHN'S INTL A","8403505","2012-03-04 23:30","2012","03","04","23:30"
"-52.75","47.62","ST. JOHN'S INTL A","8403505","2012-03-05 00:30","2012","03","05","00:30"
"-52.75","47.62","ST. JOHN'S INTL A","8403505","2012-03-05 01:30","2012","03","05","01:30"
"-52.75","47.62","ST. JOHN'S INTL A","8403505","2012-03-05 02:30","2012","03","05","02:30"
"-52.75","47.62","ST. JOHN'S INTL A","8403505","2012-03-05 03:30","2012","03","05","03:30"
"-52.75","47.62","ST. JOHN'S INTL A","8403505","2012-03-05 04:30","2012","03","05","04:30"
"-52.75","47.62","ST. JOHN'S INTL A","8403505","2012-03-05 05:30","2012","03","05","05:30"
"-52.75","47.62","ST. JOHN'S INTL A","8403505","2012-03-05 06:30","2012","03","05","06:30"
"-52.75","47.62","ST. JOHN'S INTL A","8403505","2012-03-05 07:30","2012","03","05","07:30"
"-52.75","47.62","ST. JOHN'S INTL A","8403505","2012-03-05 08:30","2012","03","05","08:30"
"-52.75","47.62","ST. JOHN'S INTL A","8403505","2012-03-05 09:30","2012","03","05","09:30"
"-52.75","47.62","ST. JOHN'S INTL A","8403505","2012-03-05 10:30","2012","03","05","10:30"
"-52.75","47.62","ST. JOHN'S INTL A","8403505","2012-03-05 11:30","2012","03","05","11:30"
"-52.75","47.62","ST. JOHN'S INTL A","8403505","2012-03-05 12:30","2012","03","05","12:30"
"-52.75","47.62","ST. JOHN'S INTL A","8403505","2012-03-05 13:30","2012","03","05","13:30"
"-52.75","47.62","ST. JOHN'S INTL A","8403505","2012-03-05 14:30","2012","03","05","14:30"
"-52.75","47.62","ST. JOHN'S INTL A","8403505","2012-03-05 15:30","2012","03","05","15:30"
"-52.75","47.62","ST. JOHN'S INTL A","8403505","2012-03-05 16:30","2012","03","05","16:30"
"-52.75","47.62","ST. JOHN'S INTL A","8403505","2012-03-05 17:30","2012","03","05","17:30"
"-52.75","47.62","ST. JOHN'S INTL A","8403505","2012-03-05 18:30","2012","03","05","18:30"
"-52.75","47.62","ST. JOHN'S INTL A","8403505","2012-03-05 19:30","2012","03","05","19:30"
"-52.75","47.62","ST. JOHN'S INTL A","8403505","2012-03-05 20:30","2012","03","05","20:30"
"-52.75","47.62","ST. JOHN'S INTL A","8403505","2012-03-05 21:30","2012","03","05","21:30"
"-52.75","47.62","ST. JOHN'S INTL A","8403505","2012-03-05 22:30","2012","03","05","22:30"
"-52.75","47.62","ST. JOHN'S INTL A","8403505","2012-03-05 23:30","2012","03","05","23:30"
"-52.75","47.62","ST. JOHN'S INTL A","8403505","2012-03-06 00:30","2012","03","06","00:30"
"-52.75","47.62","ST. JOHN'S INTL A","8403505","2012-03-06 01:30","2012","03","06","01:30"
"-52.75","47.62","ST. JOHN'S INTL A","8403505","2012-03-06 02:30","2012","03","06","02:30"
"-52.75","47.62","ST. JOHN'S INTL A","8403505","2012-03-06 03:30","2012","03","06","03:30"
"-52.75","47.62","ST. JOHN'S INTL A","8403505","2012-03-06 04:30","2012","03","06","04:30"
"-52.75","47.62","ST. JOHN'S INTL A","8403505","2012-03-06 05:30","2012","03","06","05:30"
"-52.75","47.62","ST. JOHN'S INTL A","8403505","2012-03-06 06:30","2012","03","06","06:30"
"-52.75","47.62","ST. JOHN'S INTL A","8403505","2012-03-06 07:30","2012","03","06","07:30"
"-52.75","47.62","ST. JOHN'S INTL A","8403505","2012-03-06 08:30","2012","03","06","08:30"
"-52.75","47.62","ST. JOHN'S INTL A","8403505","2012-03-06 09:30","2012","03","06","09:30"
"-52.75","47.62","ST. JOHN'S INTL A","8403505","2012-03-06 10:30","2012","03","06","10:30"
"-52.75","47.62","ST. JOHN'S INTL A","8403505","2012-03-06 11:30","2012","03","06","11:30"
"-52.75","47.62","ST. JOHN'S INTL A","8403505","2012-03-06 12:30","2012","03","06","12:30"
"-52.75","47.62","ST. JOHN'S INTL A","8403505","2012-03-06 13:30","2012","03","06","13:30"
"-52.75","47.62","ST. JOHN'S INTL A","8403505","2012-03-06 14:30","2012","03","06","14:30"
"-52.75","47.62","ST. JOHN'S INTL A","8403505","2012-03-06 15:30","2012","03","06","15:30"
"-52.75","47.62","ST. JOHN'S INTL A","8403505","2012-03-06 16:30","2012","03","06","16:30"
"-52.75","47.62","ST. JOHN'S INTL A","8403505","2012-03-06 17:30","2012","03","06","17:30"
"-52.75","47.62","ST. JOHN'S INTL A","8403505","2012-03-06 18:30","2012","03","06","18:30"
"-52.75","47.62","ST. JOHN'S INTL A","8403505","2012-03-06 19:30","2012","03","06","19:30"
"-52.75","47.62","ST. JOHN'S INTL A","8403505","2012-03-06 20:30","2012","03","06","20:30"
"-52.75","47.62","ST. JOHN'S INTL A","8403505","2012-03-06 21:30","2012","03","06","21:30"
"-52.75","47.62","ST. JOHN'S INTL A","8403505","2012-03-06 22:30","2012","03","06","22:30"
"-52.75","47.62","ST. JOHN'S INTL A","8403505","2012-03-06 23:30","2012","03","06","23:30"
"-52.75","47.62","ST. JOHN'S INTL A","8403505","2012-03-07 00:30","2012","03","07","00:30"
"-52.75","47.62","ST. JOHN'S INTL A","8403505","2012-03-07 01:30","2012","03","07","01:30"
"-52.75","47.62","ST. JOHN'S INTL A","8403505","2012-03-07 02:30","2012","03","07","02:30"
"-52.75","47.62","ST. JOHN'S INTL A","8403505","2012-03-07 03:30","2012","03","07","03:30"
"-52.75","47.62","ST. JOHN'S INTL A","8403505","2012-03-07 04:30","2012","03","07","04:30"
"-52.75","47.62","ST. JOHN'S INTL A","8403505","2012-03-07 05:30","2012","03","07","05:30"
"-52.75","47.62","ST. JOHN'S INTL A","8403505","2012-03-07 06:30","2012","03","07","06:30"
"-52.75","47.62","ST. JOHN'S INTL A","8403505","2012-03-07 07:30","2012","03","07","07:30"
"-52.75","47.62","ST. JOHN'S INTL A","8403505","2012-03-07 08:30","2012","03","07","08:30"
"-52.75","47.62","ST. JOHN'S INTL A","8403505","2012-03-07 09:30","2012","03","07","09:30"
"-52.75","47.62","ST. JOHN'S INTL A","8403505","2012-03-07 10:30","2012","03","07","10:30"
"-52.75","47.62","ST. JOHN'S INTL A","8403505","2012-03-07 11:30","2012","03","07","11:30"
"-52.75","47.62","ST. JOHN'S INTL A","8403505","2012-03-07 12:30","2012","03","07","12:30"
"-52.75","47.62","ST. JOHN'S INTL A","8403505","2012-03-07 13:30","2012","03","07","13:30"
"-52.75","47.62","ST. JOHN'S INTL A","8403505","2012-03-07 14:30","2012","03","07","14:30"
"-52.75","47.62","ST. JOHN'S INTL A","8403505","2012-03-07 15:30","2012","03","07","15:30"
"-52.75","47.62","ST. JOHN'S INTL A","8403505","2012-03-07 16:30","2012","03","07","16:30"
"-52.75","47.62","ST. JOHN'S INTL A","8403505","2012-03-07 17:30","2012","03","07","17:30"
"-52.75","47.62","ST. JOHN'S INTL A","8403505","2012-03-07 18:30","2012","03","07","18:30"
"-52.75","47.62","ST. JOHN'S INTL A","8403505","2012-03-07 19:30","2012","03","07","19:30"
"-52.75","47.62","ST. JOHN'S INTL A","8403505","2012-03-07 20:30","2012","03","07","20:30"
"-52.75","47.62","ST. JOHN'S INTL A","8403505","2012-03-07 21:30","2012","03","07","21:30"
"-52.75","47.62","ST. JOHN'S INTL A","8403505","2012-03-07 22:30","2012","03","07","22:30"
"-52.75","47.62","ST. JOHN'S INTL A","8403505","2012-03-07 23:30","2012","03","07","23:30"
"-52.75","47.62","ST. JOHN'S INTL A","8403505","2012-03-08 00:30","2012","03","08","00:30"
"-52.75","47.62","ST. JOHN'S INTL A","8403505","2012-03-08 01:30","2012","03","08","01:30"
"-52.75","47.62","ST. JOHN'S INTL A","8403505","2012-03-08 02:30","2012","03","08","02:30"
"-52.75","47.62","ST. JOHN'S INTL A","8403505","2012-03-08 03:30","2012","03","08","03:30"
"-52.75","47.62","ST. JOHN'S INTL A","8403505","2012-03-08 04:30","2012","03","08","04:30"
"-52.75","47.62","ST. JOHN'S INTL A","8403505","2012-03-08 05:30","2012","03","08","05:30"
"-52.75","47.62","ST. JOHN'S INTL A","8403505","2012-03-08 06:30","2012","03","08","06:30"
"-52.75","47.62","ST. JOHN'S INTL A","8403505","2012-03-08 07:30","2012","03","08","07:30"
"-52.75","47.62","ST. JOHN'S INTL A","8403505","2012-03-08 08:30","2012","03","08","08:30"
"-52.75","47.62","ST. JOHN'S INTL A","8403505","2012-03-08 09:30","2012","03","08","09:30"
"-52.75","47.62","ST. JOHN'S INTL A","8403505","2012-03-08 10:30","2012","03","08","10:30"
"-52.75","47.62","ST. JOHN'S INTL A","8403505","2012-03-08 11:30","2012","03","08","11:30"
"-52.75","47.62","ST. JOHN'S INTL A","8403505","2012-03-08 12:30","2012","03","08","12:30"
"-52.75","47.62","ST. JOHN'S INTL A","8403505","2012-03-08 13:30","2012","03","08","13:30"
"-52.75","47.62","ST. JOHN'S INTL A","8403505","2012-03-08 14:30","2012","03","08","14:30"
"-52.75","47.62","ST. JOHN'S INTL A","8403505","2012-03-08 15:30","2012","03","08","15:30"
"-52.75","47.62","ST. JOHN'S INTL A","8403505","2012-03-08 16:30","2012","03","08","16:30"
"-52.75","47.62","ST. JOHN'S INTL A","8403505","2012-03-08 17:30","2012","03","08","17:30"
"-52.75","47.62","ST. JOHN'S INTL A","8403505","2012-03-08 18:30","2012","03","08","18:30"
"-52.75","47.62","ST. JOHN'S INTL A","8403505","2012-03-08 19:30","2012","03","08","19:30"
"-52.75","47.62","ST. JOHN'S INTL A","8403505","2012-03-08 20:30","2012","03","08","20:30"
"-52.75","47.62","ST. JOHN'S INTL A","8403505","2012-03-08 21:30","2012","03","08","21:30"
"-52.75","47.62","ST. JOHN'S INTL A","8403505","2012-03-08 22:30","2012","03","08","22:30"
"-52.75","47.62","ST. JOHN'S INTL A","8403505","2012-03-08 23:30","2012","03","08","23:30"
"-52.75","47.62","ST. JOHN'S INTL A","8403505","2012-03-09 00:30","2012","03","09","00:30"
"-52.75","47.62","ST. JOHN'S INTL A","8403505","2012-03-09 01:30","2012","03","09","01:30"
"-52.75","47.62","ST. JOHN'S INTL A","8403505","2012-03-09 02:30","2012","03","09","02:30"
"-52.75","47.62","ST. JOHN'S INTL A","8403505","2012-03-09 03:30","2012","03","09","03:30"
"-52.75","47.62","ST. JOHN'S INTL A","8403505","2012-03-09 04:30","2012","03","09","04:30"
"-52.75","47.62","ST. JOHN'S INTL A","8403505","2012-03-09 05:30","2012","03","09","05:30"
"-52.75","47.62","ST. JOHN'S INTL A","8403505","2012-03-09 06:30","2012","03","09","06:30"
"-52.75","47.62","ST. JOHN'S INTL A","8403505","2012-03-09 07:30","2012","03","09","07:30"
"-52.75","47.62","ST. JOHN'S INTL A","8403505","2012-03-09 08:30","2012","03","09","08:30"
"-52.75","47.62","ST. JOHN'S INTL A","8403505","2012-03-09 09:30","2012","03","09","09:30"
"-52.75","47.62","ST. JOHN'S INTL A","8403505","2012-03-09 10:30","2012","03","09","10:30"
"-52.75","47.62","ST. JOHN'S INTL A","8403505","2012-03-09 11:30","2012","03","09","11:30"
"-52.75","47.62","ST. JOHN'S INTL A","8403505","2012-03-09 12:30","2012","03","09","12:30"
"-52.75","47.62","ST. JOHN'S INTL A","8403505","2012-03-09 13:30","2012","03","09","13:30"
"-52.75","47.62","ST. JOHN'S INTL A","8403505","2012-03-09 14:30","2012","03","09","14:30"
"-52.75","47.62","ST. JOHN'S INTL A","8403505","2012-03-09 15:30","2012","03","09","15:30"
"-52.75","47.62","ST. JOHN'S INTL A","8403505","2012-03-09 16:30","2012","03","09","16:30"
"-52.75","47.62","ST. JOHN'S INTL A","8403505","2012-03-09 17:30","2012","03","09","17:30"
"-52.75","47.62","ST. JOHN'S INTL A","8403505","2012-03-09 18:30","2012","03","09","18:30"
"-52.75","47.62","ST. JOHN'S INTL A","8403505","2012-03-09 19:30","2012","03","09","19:30"
"-52.75","47.62","ST. JOHN'S INTL A","8403505","2012-03-09 20:30","2012","03","09","20:30"
"-52.75","47.62","ST. JOHN'S INTL A","8403505","2012-03-09 21:30","2012","03","09","21:30"
"-52.75","47.62","ST. JOHN'S INTL A","8403505","2012-03-09 22:30","2012","03","09","22:30"
"-52.75","47.62","ST. JOHN'S INTL A","8403505","2012-03-09 23:30","2012","03","09","23:30"
"-52.75","47.62","ST. JOHN'S INTL A","8403505","2012-03-10 00:30","2012","03","10","00:30"
"-52.75","47.62","ST. JOHN'S INTL A","8403505","2012-03-10 01:30","2012","03","10","01:30"
"-52.75","47.62","ST. JOHN'S INTL A","8403505","2012-03-10 02:30","2012","03","10","02:30"
"-52.75","47.62","ST. JOHN'S INTL A","8403505","2012-03-10 03:30","2012","03","10","03:30"
"-52.75","47.62","ST. JOHN'S INTL A","8403505","2012-03-10 04:30","2012","03","10","04:30"
"-52.75","47.62","ST. JOHN'S INTL A","8403505","2012-03-10 05:30","2012","03","10","05:30"
"-52.75","47.62","ST. JOHN'S INTL A","8403505","2012-03-10 06:30","2012","03","10","06:30"
"-52.75","47.62","ST. JOHN'S INTL A","8403505","2012-03-10 07:30","2012","03","10","07:30"
"-52.75","47.62","ST. JOHN'S INTL A","8403505","2012-03-10 08:30","2012","03","10","08:30"
"-52.75","47.62","ST. JOHN'S INTL A","8403505","2012-03-10 09:30","2012","03","10","09:30"
"-52.75","47.62","ST. JOHN'S INTL A","8403505","2012-03-10 10:30","2012","03","10","10:30"
"-52.75","47.62","ST. JOHN'S INTL A","8403505","2012-03-10 11:30","2012","03","10","11:30"
"-52.75","47.62","ST. JOHN'S INTL A","8403505","2012-03-10 12:30","2012","03","10","12:30"
"-52.75","47.62","ST. JOHN'S INTL A","8403505","2012-03-10 13:30","2012","03","10","13:30"
"-52.75","47.62","ST. JOHN'S INTL A","8403505","2012-03-10 14:30","2012","03","10","14:30"
"-52.75","47.62","ST. JOHN'S INTL A","8403505","2012-03-10 15:30","2012","03","10","15:30"
"-52.75","47.62","ST. JOHN'S INTL A","8403505","2012-03-10 16:30","2012","03","10","16:30"
"-52.75","47.62","ST. JOHN'S INTL A","8403505","2012-03-10 17:30","2012","03","10","17:30"
"-52.75","47.62","ST. JOHN'S INTL A","8403505","2012-03-10 18:30","2012","03","10","18:30"
"-52.75","47.62","ST. JOHN'S INTL A","8403505","2012-03-10 19:30","2012","03","10","19:30"
"-52.75","47.62","ST. JOHN'S INTL A","8403505","2012-03-10 20:30","2012","03","10","20:30"
"-52.75","47.62","ST. JOHN'S INTL A","8403505","2012-03-10 21:30","2012","03","10","21:30"
"-52.75","47.62","ST. JOHN'S INTL A","8403505","2012-03-10 22:30","2012","03","10","22:30"
"-52.75","47.62","ST. JOHN'S INTL A","8403505","2012-03-10 23:30","2012","03","10","23:30"
"-52.75","47.62","ST. JOHN'S INTL A","8403505","2012-03-11 00:30","2012","03","11","00:30"
"-52.75","47.62","ST. JOHN'S INTL A","8403505","2012-03-11 01:30","2012","03","11","01:30"
"-52.75","47.62","ST. JOHN'S INTL A","8403505","2012-03-11 02:30","2012","03","11","02:30"
"-52.75","47.62","ST. JOHN'S INTL A","8403505","2012-03-11 03:30","2012","03","11","03:30"
"-52.75","47.62","ST. JOHN'S INTL A","8403505","2012-03-11 04:30","2012","03","11","04:30"
"-52.75","47.62","ST. JOHN'S INTL A","8403505","2012-03-11 05:30","2012","03","11","05:30"
"-52.75","47.62","ST. JOHN'S INTL A","8403505","2012-03-11 06:30","2012","03","11","06:30"
"-52.75","47.62","ST. JOHN'S INTL A","8403505","2012-03-11 07:30","2012","03","11","07:30"
"-52.75","47.62","ST. JOHN'S INTL A","8403505","2012-03-11 08:30","2012","03","11","08:30"
"-52.75","47.62","ST. JOHN'S INTL A","8403505","2012-03-11 09:30","2012","03","11","09:30"
"-52.75","47.62","ST. JOHN'S INTL A","8403505","2012-03-11 10:30","2012","03","11","10:30"
"-52.75","47.62","ST. JOHN'S INTL A","8403505","2012-03-11 11:30","2012","03","11","11:30"
"-52.75","47.62","ST. JOHN'S INTL A","8403505","2012-03-11 12:30","2012","03","11","12:30"
"-52.75","47.62","ST. JOHN'S INTL A","8403505","2012-03-11 13:30","2012","03","11","13:30"
"-52.75","47.62","ST. JOHN'S INTL A","8403505","2012-03-11 14:30","2012","03","11","14:30"
"-52.75","47.62","ST. JOHN'S INTL A","8403505","2012-03-11 15:30","2012","03","11","15:30"
"-52.75","47.62","ST. JOHN'S INTL A","8403505","2012-03-11 16:30","2012","03","11","16:30"
"-52.75","47.62","ST. JOHN'S INTL A","8403505","2012-03-11 17:30","2012","03","11","17:30"
"-52.75","47.62","ST. JOHN'S INTL A","8403505","2012-03-11 18:30","2012","03","11","18:30"
"-52.75","47.62","ST. JOHN'S INTL A","8403505","2012-03-11 19:30","2012","03","11","19:30"
"-52.75","47.62","ST. JOHN'S INTL A","8403505","2012-03-11 20:30","2012","03","11","20:30"
"-52.75","47.62","ST. JOHN'S INTL A","8403505","2012-03-11 21:30","2012","03","11","21:30"
"-52.75","47.62","ST. JOHN'S INTL A","8403505","2012-03-11 22:30","2012","03","11","22:30"
"-52.75","47.62","ST. JOHN'S INTL A","8403505","2012-03-11 23:30","2012","03","11","23:30"
"-52.75","47.62","ST. JOHN'S INTL A","8403505","2012-03-12 00:30","2012","03","12","00:30"
"-52.75","47.62","ST. JOHN'S INTL A","8403505","2012-03-12 01:30","2012","03","12","01:30"
"-52.75","47.62","ST. JOHN'S INTL A","8403505","2012-03-12 02:30","2012","03","12","02:30"
"-52.75","47.62","ST. JOHN'S INTL A","8403505","2012-03-12 03:30","2012","03","12","03:30"
"-52.75","47.62","ST. JOHN'S INTL A","8403505","2012-03-12 04:30","2012","03","12","04:30"
"-52.75","47.62","ST. JOHN'S INTL A","8403505","2012-03-12 05:30","2012","03","12","05:30"
"-52.75","47.62","ST. JOHN'S INTL A","8403505","2012-03-12 06:30","2012","03","12","06:30"
"-52.75","47.62","ST. JOHN'S INTL A","8403505","2012-03-12 07:30","2012","03","12","07:30"
"-52.75","47.62","ST. JOHN'S INTL A","8403505","2012-03-12 08:30","2012","03","12","08:30"
"-52.75","47.62","ST. JOHN'S INTL A","8403505","2012-03-12 09:30","2012","03","12","09:30"
"-52.75","47.62","ST. JOHN'S INTL A","8403505","2012-03-12 10:30","2012","03","12","10:30"
"-52.75","47.62","ST. JOHN'S INTL A","8403505","2012-03-12 11:30","2012","03","12","11:30"
"-52.75","47.62","ST. JOHN'S INTL A","8403505","2012-03-12 12:30","2012","03","12","12:30"
"-52.75","47.62","ST. JOHN'S INTL A","8403505","2012-03-12 13:30","2012","03","12","13:30"
"-52.75","47.62","ST. JOHN'S INTL A","8403505","2012-03-12 14:30","2012","03","12","14:30"
"-52.75","47.62","ST. JOHN'S INTL A","8403505","2012-03-12 15:30","2012","03","12","15:30"
"-52.75","47.62","ST. JOHN'S INTL A","8403505","2012-03-12 16:30","2012","03","12","16:30"
"-52.75","47.62","ST. JOHN'S INTL A","8403505","2012-03-12 17:30","2012","03","12","17:30"
"-52.75","47.62","ST. JOHN'S INTL A","8403505","2012-03-12 18:30","2012","03","12","18:30"
"-52.75","47.62","ST. JOHN'S INTL A","8403505","2012-03-12 19:30","2012","03","12","19:30"
"-52.75","47.62","ST. JOHN'S INTL A","8403505","2012-03-12 20:30","2012","03","12","20:30"
"-52.75","47.62","ST. JOHN'S INTL A","8403505","2012-03-12 21:30","2012","03","12","21:30"
"-52.75","47.62","ST. JOHN'S INTL A","8403505","2012-03-12 22:30","2012","03","12","22:30"
"-52.75","47.62","ST. JOHN'S INTL A","8403505","2012-03-12 23:30","2012","03","12","23:30"
"-52.75","47.62","ST. JOHN'S INTL A","8403505","2012-03-13 00:30","2012","03","13","00:30"
"-52.75","47.62","ST. JOHN'S INTL A","8403505","2012-03-13 01:30","2012","03","13","01:30"
"-52.75","47.62","ST. JOHN'S INTL A","8403505","2012-03-13 02:30","2012","03","13","02:30"
"-52.75","47.62","ST. JOHN'S INTL A","8403505","2012-03-13 03:30","2012","03","13","03:30"
"-52.75","47.62","ST. JOHN'S INTL A","8403505","2012-03-13 04:30","2012","03","13","04:30"
"-52.75","47.62","ST. JOHN'S INTL A","8403505","2012-03-13 05:30","2012","03","13","05:30"
"-52.75","47.62","ST. JOHN'S INTL A","8403505","2012-03-13 06:30","2012","03","13","06:30"
"-52.75","47.62","ST. JOHN'S INTL A","8403505","2012-03-13 07:30","2012","03","13","07:30"
"-52.75","47.62","ST. JOHN'S INTL A","8403505","2012-03-13 08:30","2012","03","13","08:30"
"-52.75","47.62","ST. JOHN'S INTL A","8403505","2012-03-13 09:30","2012","03","13","09:30"
"-52.75","47.62","ST. JOHN'S INTL A","8403505","2012-03-13 10:30","2012","03","13","10:30"
"-52.75","47.62","ST. JOHN'S INTL A","8403505","2012-03-13 11:30","2012","03","13","11:30"
"-52.75","47.62","ST. JOHN'S INTL A","8403505","2012-03-13 12:30","2012","03","13","12:30"
"-52.75","47.62","ST. JOHN'S INTL A","8403505","2012-03-13 13:30","2012","03","13","13:30"
"-52.75","47.62","ST. JOHN'S INTL A","8403505","2012-03-13 14:30","2012","03","13","14:30"
"-52.75","47.62","ST. JOHN'S INTL A","8403505","2012-03-13 15:30","2012","03","13","15:30"
"-52.75","47.62","ST. JOHN'S INTL A","8403505","2012-03-13 16:30","2012","03","13","16:30"
"-52.75","47.62","ST. JOHN'S INTL A","8403505","2012-03-13 17:30","2012","03","13","17:30"
"-52.75","47.62","ST. JOHN'S INTL A","8403505","2012-03-13 18:30","2012","03","13","18:30"
"-52.75","47.62","ST. JOHN'S INTL A","8403505","2012-03-13 19:30","2012","03","13","19:30"
"-52.75","47.62","ST. JOHN'S INTL A","8403505","2012-03-13 20:30","2012","03","13","20:30"
"-52.75","47.62","ST. JOHN'S INTL A","8403505","2012-03-13 21:30","2012","03","13","21:30"
"-52.75","47.62","ST. JOHN'S INTL A","8403505","2012-03-13 22:30","2012","03","13","22:30"
"-52.75","47.62","ST. JOHN'S INTL A","8403505","2012-03-13 23:30","2012","03","13","23:30"
"-52.75","47.62","ST. JOHN'S INTL A","8403505","2012-03-14 00:30","2012","03","14","00:30"
"-52.75","47.62","ST. JOHN'S INTL A","8403505","2012-03-14 01:30","2012","03","14","01:30"
"-52.75","47.62","ST. JOHN'S INTL A","8403505","2012-03-14 02:30","2012","03","14","02:30"
"-52.75","47.62","ST. JOHN'S INTL A","8403505","2012-03-14 03:30","2012","03","14","03:30"
"-52.75","47.62","ST. JOHN'S INTL A","8403505","2012-03-14 04:30","2012","03","14","04:30"
"-52.75","47.62","ST. JOHN'S INTL A","8403505","2012-03-14 05:30","2012","03","14","05:30"
"-52.75","47.62","ST. JOHN'S INTL A","8403505","2012-03-14 06:30","2012","03","14","06:30"
"-52.75","47.62","ST. JOHN'S INTL A","8403505","2012-03-14 07:30","2012","03","14","07:30"
"-52.75","47.62","ST. JOHN'S INTL A","8403505","2012-03-14 08:30","2012","03","14","08:30"
"-52.75","47.62","ST. JOHN'S INTL A","8403505","2012-03-14 09:30","2012","03","14","09:30"
"-52.75","47.62","ST. JOHN'S INTL A","8403505","2012-03-14 10:30","2012","03","14","10:30"
"-52.75","47.62","ST. JOHN'S INTL A","8403505","2012-03-14 11:30","2012","03","14","11:30"
"-52.75","47.62","ST. JOHN'S INTL A","8403505","2012-03-14 12:30","2012","03","14","12:30"
"-52.75","47.62","ST. JOHN'S INTL A","8403505","2012-03-14 13:30","2012","03","14","13:30"
"-52.75","47.62","ST. JOHN'S INTL A","8403505","2012-03-14 14:30","2012","03","14","14:30"
"-52.75","47.62","ST. JOHN'S INTL A","8403505","2012-03-14 15:30","2012","03","14","15:30"
"-52.75","47.62","ST. JOHN'S INTL A","8403505","2012-03-14 16:30","2012","03","14","16:30"
"-52.75","47.62","ST. JOHN'S INTL A","8403505","2012-03-14 17:30","2012","03","14","17:30"
"-52.75","47.62","ST. JOHN'S INTL A","8403505","2012-03-14 18:30","2012","03","14","18:30"
"-52.75","47.62","ST. JOHN'S INTL A","8403505","2012-03-14 19:30","2012","03","14","19:30"
"-52.75","47.62","ST. JOHN'S INTL A","8403505","2012-03-14 20:30","2012","03","14","20:30"
"-52.75","47.62","ST. JOHN'S INTL A","8403505","2012-03-14 21:30","2012","03","14","21:30"
"-52.75","47.62","ST. JOHN'S INTL A","8403505","2012-03-14 22:30","2012","03","14","22:30"
"-52.75","47.62","ST. JOHN'S INTL A","8403505","2012-03-14 23:30","2012","03","14","23:30"
"-52.75","47.62","ST. JOHN'S INTL A","8403505","2012-03-15 00:30","2012","03","15","00:30"
"-52.75","47.62","ST. JOHN'S INTL A","8403505","2012-03-15 01:30","2012","03","15","01:30"
"-52.75","47.62","ST. JOHN'S INTL A","8403505","2012-03-15 02:30","2012","03","15","02:30"
"-52.75","47.62","ST. JOHN'S INTL A","8403505","2012-03-15 03:30","2012","03","15","03:30"
"-52.75","47.62","ST. JOHN'S INTL A","8403505","2012-03-15 04:30","2012","03","15","04:30"
"-52.75","47.62","ST. JOHN'S INTL A","8403505","2012-03-15 05:30","2012","03","15","05:30"
"-52.75","47.62","ST. JOHN'S INTL A","8403505","2012-03-15 06:30","2012","03","15","06:30"
"-52.75","47.62","ST. JOHN'S INTL A","8403505","2012-03-15 07:30","2012","03","15","07:30"
"-52.75","47.62","ST. JOHN'S INTL A","8403505","2012-03-15 08:30","2012","03","15","08:30"
"-52.75","47.62","ST. JOHN'S INTL A","8403505","2012-03-15 09:30","2012","03","15","09:30"
"-52.75","47.62","ST. JOHN'S INTL A","8403505","2012-03-15 10:30","2012","03","15","10:30"
"-52.75","47.62","ST. JOHN'S INTL A","8403505","2012-03-15 11:30","2012","03","15","11:30"
"-52.75","47.62","ST. JOHN'S INTL A","8403505","2012-03-15 12:30","2012","03","15","12:30"
"-52.75","47.62","ST. JOHN'S INTL A","8403505","2012-03-15 13:30","2012","03","15","13:30"
"-52.75","47.62","ST. JOHN'S INTL A","8403505","2012-03-15 14:30","2012","03","15","14:30"
"-52.75","47.62","ST. JOHN'S INTL A","8403505","2012-03-15 15:30","2012","03","15","15:30"
"-52.75","47.62","ST. JOHN'S INTL A","8403505","2012-03-15 16:30","2012","03","15","16:30"
"-52.75","47.62","ST. JOHN'S INTL A","8403505","2012-03-15 17:30","2012","03","15","17:30"
"-52.75","47.62","ST. JOHN'S INTL A","8403505","2012-03-15 18:30","2012","03","15","18:30"
"-52.75","47.62","ST. JOHN'S INTL A","8403505","2012-03-15 19:30","2012","03","15","19:30"
"-52.75","47.62","ST. JOHN'S INTL A","8403505","2012-03-15 20:30","2012","03","15","20:30"
"-52.75","47.62","ST. JOHN'S INTL A","8403505","2012-03-15 21:30","2012","03","15","21:30"
"-52.75","47.62","ST. JOHN'S INTL A","8403505","2012-03-15 22:30","2012","03","15","22:30"
"-52.75","47.62","ST. JOHN'S INTL A","8403505","2012-03-15 23:30","2012","03","15","23:30"
"-52.75","47.62","ST. JOHN'S INTL A","8403505","2012-03-16 00:30","2012","03","16","00:30"
"-52.75","47.62","ST. JOHN'S INTL A","8403505","2012-03-16 01:30","2012","03","16","01:30"
"-52.75","47.62","ST. JOHN'S INTL A","8403505","2012-03-16 02:30","2012","03","16","02:30"
"-52.75","47.62","ST. JOHN'S INTL A","8403505","2012-03-16 03:30","2012","03","16","03:30"
"-52.75","47.62","ST. JOHN'S INTL A","8403505","2012-03-16 04:30","2012","03","16","04:30"
"-52.75","47.62","ST. JOHN'S INTL A","8403505","2012-03-16 05:30","2012","03","16","05:30"
"-52.75","47.62","ST. JOHN'S INTL A","8403505","2012-03-16 06:30","2012","03","16","06:30"
"-52.75","47.62","ST. JOHN'S INTL A","8403505","2012-03-16 07:30","2012","03","16","07:30"
"-52.75","47.62","ST. JOHN'S INTL A","8403505","2012-03-16 08:30","2012","03","16","08:30"
"-52.75","47.62","ST. JOHN'S INTL A","8403505","2012-03-16 09:30","2012","03","16","09:30"
"-52.75","47.62","ST. JOHN'S INTL A","8403505","2012-03-16 10:30","2012","03","16","10:30"
"-52.75","47.62","ST. JOHN'S INTL A","8403505","2012-03-16 11:30","2012","03","16","11:30"
"-52.75","47.62","ST. JOHN'S INTL A","8403505","2012-03-16 12:30","2012","03","16","12:30"
"-52.75","47.62","ST. JOHN'S INTL A","8403505","2012-03-16 13:30","2012","03","16","13:30"
"-52.75","47.62","ST. JOHN'S INTL A","8403505","2012-03-16 14:30","2012","03","16","14:30"
"-52.75","47.62","ST. JOHN'S INTL A","8403505","2012-03-16 15:30","2012","03","16","15:30"
"-52.75","47.62","ST. JOHN'S INTL A","8403505","2012-03-16 16:30","2012","03","16","16:30"
"-52.75","47.62","ST. JOHN'S INTL A","8403505","2012-03-16 17:30","2012","03","16","17:30"
"-52.75","47.62","ST. JOHN'S INTL A","8403505","2012-03-16 18:30","2012","03","16","18:30"
"-52.75","47.62","ST. JOHN'S INTL A","8403505","2012-03-16 19:30","2012","03","16","19:30"
"-52.75","47.62","ST. JOHN'S INTL A","8403505","2012-03-16 20:30","2012","03","16","20:30"
"-52.75","47.62","ST. JOHN'S INTL A","8403505","2012-03-16 21:30","2012","03","16","21:30"
"-52.75","47.62","ST. JOHN'S INTL A","8403505","2012-03-16 22:30","2012","03","16","22:30"
"-52.75","47.62","ST. JOHN'S INTL A","8403505","2012-03-16 23:30","2012","03","16","23:30"
"-52.75","47.62","ST. JOHN'S INTL A","8403505","2012-03-17 00:30","2012","03","17","00:30"
"-52.75","47.62","ST. JOHN'S INTL A","8403505","2012-03-17 01:30","2012","03","17","01:30"
"-52.75","47.62","ST. JOHN'S INTL A","8403505","2012-03-17 02:30","2012","03","17","02:30"
"-52.75","47.62","ST. JOHN'S INTL A","8403505","2012-03-17 03:30","2012","03","17","03:30"
"-52.75","47.62","ST. JOHN'S INTL A","8403505","2012-03-17 04:30","2012","03","17","04:30"
"-52.75","47.62","ST. JOHN'S INTL A","8403505","2012-03-17 05:30","2012","03","17","05:30"
"-52.75","47.62","ST. JOHN'S INTL A","8403505","2012-03-17 06:30","2012","03","17","06:30"
"-52.75","47.62","ST. JOHN'S INTL A","8403505","2012-03-17 07:30","2012","03","17","07:30"
"-52.75","47.62","ST. JOHN'S INTL A","8403505","2012-03-17 08:30","2012","03","17","08:30"
"-52.75","47.62","ST. JOHN'S INTL A","8403505","2012-03-17 09:30","2012","03","17","09:30"
"-52.75","47.62","ST. JOHN'S INTL A","8403505","2012-03-17 10:30","2012","03","17","10:30"
"-52.75","47.62","ST. JOHN'S INTL A","8403505","2012-03-17 11:30","2012","03","17","11:30"
"-52.75","47.62","ST. JOHN'S INTL A","8403505","2012-03-17 12:30","2012","03","17","12:30"
"-52.75","47.62","ST. JOHN'S INTL A","8403505","2012-03-17 13:30","2012","03","17","13:30"
"-52.75","47.62","ST. JOHN'S INTL A","8403505","2012-03-17 14:30","2012","03","17","14:30"
"-52.75","47.62","ST. JOHN'S INTL A","8403505","2012-03-17 15:30","2012","03","17","15:30"
"-52.75","47.62","ST. JOHN'S INTL A","8403505","2012-03-17 16:30","2012","03","17","16:30"
"-52.75","47.62","ST. JOHN'S INTL A","8403505","2012-03-17 17:30","2012","03","17","17:30"
"-52.75","47.62","ST. JOHN'S INTL A","8403505","2012-03-17 18:30","2012","03","17","18:30"
"-52.75","47.62","ST. JOHN'S INTL A","8403505","2012-03-17 19:30","2012","03","17","19:30"
"-52.75","47.62","ST. JOHN'S INTL A","8403505","2012-03-17 20:30","2012","03","17","20:30"
"-52.75","47.62","ST. JOHN'S INTL A","8403505","2012-03-17 21:30","2012","03","17","21:30"
"-52.75","47.62","ST. JOHN'S INTL A","8403505","2012-03-17 22:30","2012","03","17","22:30"
"-52.75","47.62","ST. JOHN'S INTL A","8403505","2012-03-17 23:30","2012","03","17","23:30"
"-52.75","47.62","ST. JOHN'S INTL A","8403505","2012-03-18 00:30","2012","03","18","00:30"
"-52.75","47.62","ST. JOHN'S INTL A","8403505","2012-03-18 01:30","2012","03","18","01:30"
"-52.75","47.62","ST. JOHN'S INTL A","8403505","2012-03-18 02:30","2012","03","18","02:30"
"-52.75","47.62","ST. JOHN'S INTL A","8403505","2012-03-18 03:30","2012","03","18","03:30"
"-52.75","47.62","ST. JOHN'S INTL A","8403505","2012-03-18 04:30","2012","03","18","04:30"
"-52.75","47.62","ST. JOHN'S INTL A","8403505","2012-03-18 05:30","2012","03","18","05:30"
"-52.75","47.62","ST. JOHN'S INTL A","8403505","2012-03-18 06:30","2012","03","18","06:30"
"-52.75","47.62","ST. JOHN'S INTL A","8403505","2012-03-18 07:30","2012","03","18","07:30"
"-52.75","47.62","ST. JOHN'S INTL A","8403505","2012-03-18 08:30","2012","03","18","08:30"
"-52.75","47.62","ST. JOHN'S INTL A","8403505","2012-03-18 09:30","2012","03","18","09:30"
"-52.75","47.62","ST. JOHN'S INTL A","8403505","2012-03-18 10:30","2012","03","18","10:30"
"-52.75","47.62","ST. JOHN'S INTL A","8403505","2012-03-18 11:30","2012","03","18","11:30"
"-52.75","47.62","ST. JOHN'S INTL A","8403505","2012-03-18 12:30","2012","03","18","12:30"
"-52.75","47.62","ST. JOHN'S INTL A","8403505","2012-03-18 13:30","2012","03","18","13:30"
"-52.75","47.62","ST. JOHN'S INTL A","8403505","2012-03-18 14:30","2012","03","18","14:30"
"-52.75","47.62","ST. JOHN'S INTL A","8403505","2012-03-18 15:30","2012","03","18","15:30"
"-52.75","47.62","ST. JOHN'S INTL A","8403505","2012-03-18 16:30","2012","03","18","16:30"
"-52.75","47.62","ST. JOHN'S INTL A","8403505","2012-03-18 17:30","2012","03","18","17:30"
"-52.75","47.62","ST. JOHN'S INTL A","8403505","2012-03-18 18:30","2012","03","18","18:30"
"-52.75","47.62","ST. JOHN'S INTL A","8403505","2012-03-18 19:30","2012","03","18","19:30"
"-52.75","47.62","ST. JOHN'S INTL A","8403505","2012-03-18 20:30","2012","03","18","20:30"
"-52.75","47.62","ST. JOHN'S INTL A","8403505","2012-03-18 21:30","2012","03","18","21:30"
"-52.75","47.62","ST. JOHN'S INTL A","8403505","2012-03-18 22:30","2012","03","18","22:30"
"-52.75","47.62","ST. JOHN'S INTL A","8403505","2012-03-18 23:30","2012","03","18","23:30"
"-52.75","47.62","ST. JOHN'S INTL A","8403505","2012-03-19 00:30","2012","03","19","00:30"
"-52.75","47.62","ST. JOHN'S INTL A","8403505","2012-03-19 01:30","2012","03","19","01:30"
"-52.75","47.62","ST. JOHN'S INTL A","8403505","2012-03-19 02:30","2012","03","19","02:30"
"-52.75","47.62","ST. JOHN'S INTL A","8403505","2012-03-19 03:30","2012","03","19","03:30"
"-52.75","47.62","ST. JOHN'S INTL A","8403505","2012-03-19 04:30","2012","03","19","04:30"
"-52.75","47.62","ST. JOHN'S INTL A","8403505","2012-03-19 05:30","2012","03","19","05:30"
"-52.75","47.62","ST. JOHN'S INTL A","8403505","2012-03-19 06:30","2012","03","19","06:30"
"-52.75","47.62","ST. JOHN'S INTL A","8403505","2012-03-19 07:30","2012","03","19","07:30"
"-52.75","47.62","ST. JOHN'S INTL A","8403505","2012-03-19 08:30","2012","03","19","08:30"
"-52.75","47.62","ST. JOHN'S INTL A","8403505","2012-03-19 09:30","2012","03","19","09:30"
"-52.75","47.62","ST. JOHN'S INTL A","8403505","2012-03-19 10:30","2012","03","19","10:30"
"-52.75","47.62","ST. JOHN'S INTL A","8403505","2012-03-19 11:30","2012","03","19","11:30"
"-52.75","47.62","ST. JOHN'S INTL A","8403505","2012-03-19 12:30","2012","03","19","12:30"
"-52.75","47.62","ST. JOHN'S INTL A","8403505","2012-03-19 13:30","2012","03","19","13:30"
"-52.75","47.62","ST. JOHN'S INTL A","8403505","2012-03-19 14:30","2012","03","19","14:30"
"-52.75","47.62","ST. JOHN'S INTL A","8403505","2012-03-19 15:30","2012","03","19","15:30"
"-52.75","47.62","ST. JOHN'S INTL A","8403505","2012-03-19 16:30","2012","03","19","16:30"
"-52.75","47.62","ST. JOHN'S INTL A","8403505","2012-03-19 17:30","2012","03","19","17:30"
"-52.75","47.62","ST. JOHN'S INTL A","8403505","2012-03-19 18:30","2012","03","19","18:30"
"-52.75","47.62","ST. JOHN'S INTL A","8403505","2012-03-19 19:30","2012","03","19","19:30"
"-52.75","47.62","ST. JOHN'S INTL A","8403505","2012-03-19 20:30","2012","03","19","20:30"
"-52.75","47.62","ST. JOHN'S INTL A","8403505","2012-03-19 21:30","2012","03","19","21:30"
"-52.75","47.62","ST. JOHN'S INTL A","8403505","2012-03-19 22:30","2012","03","19","22:30"
"-52.75","47.62","ST. JOHN'S INTL A","8403505","2012-03-19 23:30","2012","03","19","23:30"
"-52.75","47.62","ST. JOHN'S INTL A","8403505","2012-03-20 00:30","2012","03","20","00:30"
"-52.75","47.62","ST. JOHN'S INTL A","8403505","2012-03-20 01:30","2012","03","20","01:30"
"-52.75","47.62","ST. JOHN'S INTL A","8403505","2012-03-20 02:30","2012","03","20","02:30"
"-52.75","47.62","ST. JOHN'S INTL A","8403505","2012-03-20 03:30","2012","03","20","03:30"
"-52.75","47.62","ST. JOHN'S INTL A","8403505","2012-03-20 04:30","2012","03","20","04:30"
"-52.75","47.62","ST. JOHN'S INTL A","8403505","2012-03-20 05:30","2012","03","20","05:30"
"-52.75","47.62","ST. JOHN'S INTL A","8403505","2012-03-20 06:30","2012","03","20","06:30"
"-52.75","47.62","ST. JOHN'S INTL A","8403505","2012-03-20 07:30","2012","03","20","07:30"
"-52.75","47.62","ST. JOHN'S INTL A","8403505","2012-03-20 08:30","2012","03","20","08:30"
"-52.75","47.62","ST. JOHN'S INTL A","8403505","2012-03-20 09:30","2012","03","20","09:30"
"-52.75","47.62","ST. JOHN'S INTL A","8403505","2012-03-20 10:30","2012","03","20","10:30"
"-52.75","47.62","ST. JOHN'S INTL A","8403505","2012-03-20 11:30","2012","03","20","11:30"
"-52.75","47.62","ST. JOHN'S INTL A","8403505","2012-03-20 12:30","2012","03","20","12:30"
"-52.75","47.62","ST. JOHN'S INTL A","8403505","2012-03-20 13:30","2012","03","20","13:30"
"-52.75","47.62","ST. JOHN'S INTL A","8403505","2012-03-20 14:30","2012","03","20","14:30"
"-52.75","47.62","ST. JOHN'S INTL A","8403505","2012-03-20 15:30","2012","03","20","15:30","-1.0","","-2.0","","93","","","","26","","42","","10.0","","99.07","","","","-9","","Snow"
"-52.75","47.62","ST. JOHN'S INTL A","8403505","2012-03-20 16:30","2012","03","20","16:30","-0.9","","-1.7","","94","","","","26","","30","","10.0","","99.06","","","","-8","","NA"
"-52.75","47.62","ST. JOHN'S INTL A","8403505","2012-03-20 17:30","2012","03","20","17:30","-0.4","","-1.3","","94","","","","25","","15","","10.0","","98.93","","","","-5","","Cloudy"
"-52.75","47.62","ST. JOHN'S INTL A","8403505","2012-03-20 18:30","2012","03","20","18:30","-0.2","","-0.8","","96","","","","29","","27","","10.0","","99.01","","","","-6","","NA"
"-52.75","47.62","ST. JOHN'S INTL A","8403505","2012-03-20 19:30","2012","03","20","19:30","0.0","","-0.6","","96","","","","30","","18","","10.0","","99.05","","","","-5","","Snow Showers"
"-52.75","47.62","ST. JOHN'S INTL A","8403505","2012-03-20 20:30","2012","03","20","20:30","0.1","","-0.8","","94","","","","32","","21","","10.0","","99.13","","","","","","Snow Showers"
"-52.75","47.62","ST. JOHN'S INTL A","8403505","2012-03-20 21:30","2012","03","20","21:30","-0.1","","-0.8","","95","","","","35","","20","","10.0","","99.20","","","","-5","","Snow Showers"
"-52.75","47.62","ST. JOHN'S INTL A","8403505","2012-03-20 22:30","2012","03","20","22:30","-1.5","","-2.3","","94","","","","1","","31","","10.0","","99.30","","","","-9","","Snow Showers"
"-52.75","47.62","ST. JOHN'S INTL A","8403505","2012-03-20 23:30","2012","03","20","23:30","-4.1","","-5.2","","92","","","","1","","27","","9.7","","99.39","","","","-11","","Snow Showers,Blowing Snow"
"-52.75","47.62","ST. JOHN'S INTL A","8403505","2012-03-21 00:30","2012","03","21","00:30","-4.8","","-6.6","","87","","","","1","","21","","10.0","","99.43","","","","-11","","Snow Showers"
"-52.75","47.62","ST. JOHN'S INTL A","8403505","2012-03-21 01:30","2012","03","21","01:30","-5.5","","-8.6","","79","","","","36","","22","","10.0","","99.52","","","","-13","","NA"
"-52.75","47.62","ST. JOHN'S INTL A","8403505","2012-03-21 02:30","2012","03","21","02:30","-6.0","","-8.8","","81","","","","34","","20","","10.0","","99.54","","","","-13","","Cloudy"
"-52.75","47.62","ST. JOHN'S INTL A","8403505","2012-03-21 03:30","2012","03","21","03:30","-6.8","","-9.4","","82","","","","34","","21","","10.0","","99.62","","","","-14","","Snow Showers"
"-52.75","47.62","ST. JOHN'S INTL A","8403505","2012-03-21 04:30","2012","03","21","04:30","-7.3","","-9.9","","82","","","","35","","27","","6.4","","99.69","","","","-16","","Snow Showers,Blowing Snow"
"-52.75","47.62","ST. JOHN'S INTL A","8403505","2012-03-21 05:30","2012","03","21","05:30","-7.3","","-10.0","","81","","","","34","","22","","10.0","","99.78","","","","-15","","Snow Showers"
"-52.75","47.62","ST. JOHN'S INTL A","8403505","2012-03-21 06:30","2012","03","21","06:30","-7.6","","-11.3","","75","","","","34","","29","","10.0","","99.83","","","","-16","","Snow Showers"
"-52.75","47.62","ST. JOHN'S INTL A","8403505","2012-03-21 07:30","2012","03","21","07:30","-7.6","","-11.5","","74","","","","34","","28","","10.0","","99.86","","","","-16","","Snow Showers"
"-52.75","47.62","ST. JOHN'S INTL A","8403505","2012-03-21 08:30","2012","03","21","08:30","-7.1","","-11.3","","72","","","","34","","28","","10.0","","99.90","","","","-15","","Snow Showers"
"-52.75","47.62","ST. JOHN'S INTL A","8403505","2012-03-21 09:30","2012","03","21","09:30","-6.4","","-10.8","","71","","","","32","","35","","10.0","","99.91","","","","-15","","Snow Showers"
"-52.75","47.62","ST. JOHN'S INTL A","8403505","2012-03-21 10:30","2012","03","21","10:30","-5.8","","-11.0","","67","","","","33","","40","","10.0","","99.90","","","","-15","","Snow Showers"
"-52.75","47.62","ST. JOHN'S INTL A","8403505","2012-03-21 11:30","2012","03","21","11:30","-5.9","","-11.1","","67","","","","34","","29","","10.0","","99.89","","","","-14","","Snow Showers"
"-52.75","47.62","ST. JOHN'S INTL A","8403505","2012-03-21 12:30","2012","03","21","12:30","-5.7","","-10.9","","67","","","","33","","31","","10.0","","99.90","","","","-14","","NA"
"-52.75","47.62","ST. JOHN'S INTL A","8403505","2012-03-21 13:30","2012","03","21","13:30","-5.1","","-10.5","","66","","","","31","","32","","10.0","","99.85","","","","-13","","Snow Showers"
"-52.75","47.62","ST. JOHN'S INTL A","8403505","2012-03-21 14:30","2012","03","21","14:30","-4.5","","-9.9","","66","","","","32","","31","","10.0","","99.83","","","","-12","","Cloudy"
"-52.75","47.62","ST. JOHN'S INTL A","8403505","2012-03-21 15:30","2012","03","21","15:30","-4.2","","-9.8","","65","","","","32","","27","","10.0","","99.79","","","","-12","","NA"
"-52.75","47.62","ST. JOHN'S INTL A","8403505","2012-03-21 16:30","2012","03","21","16:30","-4.3","","-12.1","","55","","","","34","","26","","10.0","","99.83","","","","-12","","NA"
"-52.75","47.62","ST. JOHN'S INTL A","8403505","2012-03-21 17:30","2012","03","21","17:30","-4.6","","-10.8","","62","","","","32","","27","","10.0","","99.80","","","","-12","","Mostly Cloudy"
"-52.75","47.62","ST. JOHN'S INTL A","8403505","2012-03-21 18:30","2012","03","21","18:30","-5.3","","-11.1","","64","","","","32","","5","","10.0","","99.79","","","","-8","","NA"
"-52.75","47.62","ST. JOHN'S INTL A","8403505","2012-03-21 19:30","2012","03","21","19:30","-5.1","","-10.9","","64","","","","32","","17","","10.0","","99.80","","","","-11","","NA"
"-52.75","47.62","ST. JOHN'S INTL A","8403505","2012-03-21 20:30","2012","03","21","20:30","-5.1","","-10.5","","66","","","","30","","19","","10.0","","99.76","","","","-12","","Mostly Cloudy"
"-52.75","47.62","ST. JOHN'S INTL A","8403505","2012-03-21 21:30","2012","03","21","21:30","-4.8","","-11.9","","58","","","","32","","14","","10.0","","99.71","","","","-10","","NA"
"-52.75","47.62","ST. JOHN'S INTL A","8403505","2012-03-21 22:30","2012","03","21","22:30","-4.7","","-10.3","","65","","","","30","","14","","10.0","","99.68","","","","-10","","NA"
"-52.75","47.62","ST. JOHN'S INTL A","8403505","2012-03-21 23:30","2012","03","21","23:30","-4.2","","-9.5","","67","","","","30","","17","","10.0","","99.65","","","","-10","","Cloudy"
"-52.75","47.62","ST. JOHN'S INTL A","8403505","2012-03-22 00:30","2012","03","22","00:30","-4.2","","-9.5","","67","","","","31","","16","","10.0","","99.62","","","","-10","","NA"
"-52.75","47.62","ST. JOHN'S INTL A","8403505","2012-03-22 01:30","2012","03","22","01:30","-4.1","","-9.0","","69","","","","30","","20","","10.0","","99.52","","","","-10","","NA"
"-52.75","47.62","ST. JOHN'S INTL A","8403505","2012-03-22 02:30","2012","03","22","02:30","-4.1","","-8.6","","71","","","","30","","15","","10.0","","99.46","","","","-9","","Cloudy"
"-52.75","47.62","ST. JOHN'S INTL A","8403505","2012-03-22 03:30","2012","03","22","03:30","-3.9","","-7.9","","74","","","","31","","15","","10.0","","99.48","","","","-9","","NA"
"-52.75","47.62","ST. JOHN'S INTL A","8403505","2012-03-22 04:30","2012","03","22","04:30","-3.9","","-7.7","","75","","","","31","","17","","10.0","","99.44","","","","-10","","NA"
"-52.75","47.62","ST. JOHN'S INTL A","8403505","2012-03-22 05:30","2012","03","22","05:30","-4.8","","-8.1","","78","","","","29","","10","","10.0","","99.40","","","","-9","","Mainly Clear"
"-52.75","47.62","ST. JOHN'S INTL A","8403505","2012-03-22 06:30","2012","03","22","06:30","-4.8","","-7.6","","81","","","","29","","11","","10.0","","99.37","","","","-9","","NA"
"-52.75","47.62","ST. JOHN'S INTL A","8403505","2012-03-22 07:30","2012","03","22","07:30","-3.2","","-6.7","","77","","","","28","","11","","10.0","","99.30","","","","-7","","NA"
"-52.75","47.62","ST. JOHN'S INTL A","8403505","2012-03-22 08:30","2012","03","22","08:30","-1.9","","-6.1","","73","","","","28","","12","","10.0","","99.30","","","","-6","","Cloudy"
"-52.75","47.62","ST. JOHN'S INTL A","8403505","2012-03-22 09:30","2012","03","22","09:30","-1.6","","-6.4","","70","","","","28","","15","","10.0","","99.24","","","","-6","","NA"
"-52.75","47.62","ST. JOHN'S INTL A","8403505","2012-03-22 10:30","2012","03","22","10:30","-1.0","","-5.8","","70","","","","27","","11","","10.0","","99.18","","","","-5","","Freezing Rain"
"-52.75","47.62","ST. JOHN'S INTL A","8403505","2012-03-22 11:30","2012","03","22","11:30","-1.0","","-3.4","","84","","","","27","","11","","10.0","","99.08","","","","-5","","Freezing Rain"
"-52.75","47.62","ST. JOHN'S INTL A","8403505","2012-03-22 12:30","2012","03","22","12:30","-0.2","","-1.8","","89","","","","24","","15","","10.0","","98.91","","","","-5","","Freezing Rain"
"-52.75","47.62","ST. JOHN'S INTL A","8403505","2012-03-22 13:30","2012","03","22","13:30","-0.2","","-1.8","","89","","","","25","","21","","10.0","","98.77","","","","-6","","NA"
"-52.75","47.62","ST. JOHN'S INTL A","8403505","2012-03-22 14:30","2012","03","22","14:30","-0.1","","-1.4","","91","","","","25","","22","","10.0","","98.60","","","","-6","","Cloudy"
"-52.75","47.62","ST. JOHN'S INTL A","8403505","2012-03-22 15:30","2012","03","22","15:30","-0.2","","-0.9","","95","","","","25","","20","","10.0","","98.48","","","","-5","","Freezing Rain"
"-52.75","47.62","ST. JOHN'S INTL A","8403505","2012-03-22 16:30","2012","03","22","16:30","-0.1","","-0.7","","96","","","","25","","21","","10.0","","98.33","","","","-6","","Freezing Rain"
"-52.75","47.62","ST. JOHN'S INTL A","8403505","2012-03-22 17:30","2012","03","22","17:30","-0.2","","-0.8","","96","","","","25","","19","","10.0","","98.26","","","","-5","","Freezing Rain"
"-52.75","47.62","ST. JOHN'S INTL A","8403505","2012-03-22 18:30","2012","03","22","18:30","-0.3","","-0.7","","97","","","","25","","14","","10.0","","98.15","","","","-5","","Freezing Drizzle"
"-52.75","47.62","ST. JOHN'S INTL A","8403505","2012-03-22 19:30","2012","03","22","19:30","-0.4","","-1.1","","95","","","","26","","15","","10.0","","98.02","","","","-5","","NA"
"-52.75","47.62","ST. JOHN'S INTL A","8403505","2012-03-22 20:30","2012","03","22","20:30","-0.3","","-0.9","","96","","","","24","","15","","10.0","","97.82","","","","-5","","Cloudy"
"-52.75","47.62","ST. JOHN'S INTL A","8403505","2012-03-22 21:30","2012","03","22","21:30","-0.1","","-0.5","","97","","","","27","","8","","10.0","","97.75","","","","-3","","Freezing Drizzle"
"-52.75","47.62","ST. JOHN'S INTL A","8403505","2012-03-22 22:30","2012","03","22","22:30","0.1","","-0.2","","98","","","","27","","15","","6.4","","97.63","","","","","","Drizzle,Fog"
"-52.75","47.62","ST. JOHN'S INTL A","8403505","2012-03-22 23:30","2012","03","22","23:30","0.3","","0.2","","99","","","","27","","20","","0.8","","97.40","","","","","","Drizzle,Fog"
"-52.75","47.62","ST. JOHN'S INTL A","8403505","2012-03-23 00:30","2012","03","23","00:30","1.1","","1.1","","100","","","","27","","31","","0.8","","97.24","","","","","","Drizzle,Fog"
"-52.75","47.62","ST. JOHN'S INTL A","8403505","2012-03-23 01:30","2012","03","23","01:30","2.1","","2.1","","100","","","","27","","27","","4.8","","97.15","","","","","","Drizzle,Fog"
"-52.75","47.62","ST. JOHN'S INTL A","8403505","2012-03-23 02:30","2012","03","23","02:30","2.7","","2.7","","100","","","","29","","36","","10.0","","97.05","","","","","","Cloudy"
"-52.75","47.62","ST. JOHN'S INTL A","8403505","2012-03-23 03:30","2012","03","23","03:30","2.7","","2.0","","95","","","","30","","39","","10.0","","97.03","","","","","","NA"
"-52.75","47.62","ST. JOHN'S INTL A","8403505","2012-03-23 04:30","2012","03","23","04:30","2.5","","1.5","","93","","","","30","","39","","10.0","","97.03","","","","","","NA"
"-52.75","47.62","ST. JOHN'S INTL A","8403505","2012-03-23 05:30","2012","03","23","05:30","2.0","","0.8","","92","","","","29","","32","","10.0","","96.97","","","","","","Mostly Cloudy"
"-52.75","47.62","ST. JOHN'S INTL A","8403505","2012-03-23 06:30","2012","03","23","06:30","1.5","","0.2","","91","","","","28","","34","","10.0","","96.97","","","","","","NA"
"-52.75","47.62","ST. JOHN'S INTL A","8403505","2012-03-23 07:30","2012","03","23","07:30","1.5","","-0.1","","89","","","","29","","35","","10.0","","96.94","","","","","","NA"
"-52.75","47.62","ST. JOHN'S INTL A","8403505","2012-03-23 08:30","2012","03","23","08:30","2.5","","-0.3","","82","","","","29","","37","","10.0","","96.85","","","","","","Mostly Cloudy"
"-52.75","47.62","ST. JOHN'S INTL A","8403505","2012-03-23 09:30","2012","03","23","09:30","1.6","","-1.0","","83","","","","30","","38","","10.0","","96.84","","","","","","Snow Showers"
"-52.75","47.62","ST. JOHN'S INTL A","8403505","2012-03-23 10:30","2012","03","23","10:30","-1.6","","-2.6","","93","","","","35","","33","","1.2","","96.97","","","","-9","","Snow Showers"
"-52.75","47.62","ST. JOHN'S INTL A","8403505","2012-03-23 11:30","2012","03","23","11:30","-1.4","","-3.3","","87","","","","34","","40","","10.0","","97.04","","","","-9","","Snow Showers"
"-52.75","47.62","ST. JOHN'S INTL A","8403505","2012-03-23 12:30","2012","03","23","12:30","-0.8","","-3.3","","83","","","","34","","47","","10.0","","97.08","","","","-9","","NA"
"-52.75","47.62","ST. JOHN'S INTL A","8403505","2012-03-23 13:30","2012","03","23","13:30","-1.3","","-4.2","","81","","","","33","","40","","10.0","","97.15","","","","-9","","Snow Showers"
"-52.75","47.62","ST. JOHN'S INTL A","8403505","2012-03-23 14:30","2012","03","23","14:30","-1.7","","-4.2","","83","","","","33","","48","","6.4","","97.23","","","","-10","","Snow Showers"
"-52.75","47.62","ST. JOHN'S INTL A","8403505","2012-03-23 15:30","2012","03","23","15:30","-1.3","","-5.2","","75","","","","33","","42","","10.0","","97.26","","","","-9","","NA"
"-52.75","47.62","ST. JOHN'S INTL A","8403505","2012-03-23 16:30","2012","03","23","16:30","-1.6","","-5.1","","77","","","","33","","37","","10.0","","97.33","","","","-9","","NA"
"-52.75","47.62","ST. JOHN'S INTL A","8403505","2012-03-23 17:30","2012","03","23","17:30","-1.7","","-4.5","","81","","","","32","","40","","10.0","","97.33","","","","-10","","Snow Showers"
"-52.75","47.62","ST. JOHN'S INTL A","8403505","2012-03-23 18:30","2012","03","23","18:30","-2.2","","-5.4","","79","","","","32","","36","","10.0","","97.38","","","","-10","","NA"
"-52.75","47.62","ST. JOHN'S INTL A","8403505","2012-03-23 19:30","2012","03","23","19:30","-2.5","","-6.0","","77","","","","31","","52","","10.0","","97.40","","","","-12","","NA"
"-52.75","47.62","ST. JOHN'S INTL A","8403505","2012-03-23 20:30","2012","03","23","20:30","-2.3","","-5.5","","79","","","","30","","36","","10.0","","97.42","","","","-10","","Mostly Cloudy"
"-52.75","47.62","ST. JOHN'S INTL A","8403505","2012-03-23 21:30","2012","03","23","21:30","-2.3","","-5.8","","77","","","","31","","38","","10.0","","97.42","","","","-10","","NA"
"-52.75","47.62","ST. JOHN'S INTL A","8403505","2012-03-23 22:30","2012","03","23","22:30","-2.4","","-5.6","","79","","","","31","","41","","10.0","","97.44","","","","-11","","NA"
"-52.75","47.62","ST. JOHN'S INTL A","8403505","2012-03-23 23:30","2012","03","23","23:30","-2.5","","-5.8","","78","","","","30","","53","","10.0","","97.39","","","","-12","","Cloudy"
"-52.75","47.62","ST. JOHN'S INTL A","8403505","2012-03-24 00:30","2012","03","24","00:30","-2.7","","-6.0","","78","","","","30","","47","","10.0","","97.38","","","","-12","","NA"
"-52.75","47.62","ST. JOHN'S INTL A","8403505","2012-03-24 01:30","2012","03","24","01:30","-2.7","","-6.0","","78","","","","31","","38","","10.0","","97.38","","","","-11","","Snow Showers"
"-52.75","47.62","ST. JOHN'S INTL A","8403505","2012-03-24 02:30","2012","03","24","02:30","-2.8","","-6.1","","78","","","","30","","44","","10.0","","97.39","","","","-11","","Cloudy"
"-52.75","47.62","ST. JOHN'S INTL A","8403505","2012-03-24 03:30","2012","03","24","03:30","-3.3","","-5.6","","84","","","","30","","40","","8.1","","97.39","","","","-12","","Snow Showers"
"-52.75","47.62","ST. JOHN'S INTL A","8403505","2012-03-24 04:30","2012","03","24","04:30","-4.0","","-5.7","","88","","","","30","","40","","4.8","","97.44","","","","-13","","Snow Showers"
"-52.75","47.62","ST. JOHN'S INTL A","8403505","2012-03-24 05:30","2012","03","24","05:30","-4.2","","-5.8","","89","","","","31","","44","","6.4","","97.51","","","","-13","","Snow Showers"
"-52.75","47.62","ST. JOHN'S INTL A","8403505","2012-03-24 06:30","2012","03","24","06:30","-4.2","","-5.9","","88","","","","31","","40","","4.8","","97.59","","","","-13","","Snow Showers,Blowing Snow"
"-52.75","47.62","ST. JOHN'S INTL A","8403505","2012-03-24 07:30","2012","03","24","07:30","-4.3","","-6.9","","82","","","","32","","47","","4.8","","97.67","","","","-14","","Snow Showers,Blowing Snow"
"-52.75","47.62","ST. JOHN'S INTL A","8403505","2012-03-24 08:30","2012","03","24","08:30","-4.1","","-7.2","","79","","","","32","","44","","10.0","","97.69","","","","-13","","Snow Showers"
"-52.75","47.62","ST. JOHN'S INTL A","8403505","2012-03-24 09:30","2012","03","24","09:30","-3.4","","-7.4","","74","","","","31","","46","","10.0","","97.69","","","","-12","","NA"
"-52.75","47.62","ST. JOHN'S INTL A","8403505","2012-03-24 10:30","2012","03","24","10:30","-3.3","","-7.7","","72","","","","32","","34","","10.0","","97.72","","","","-11","","NA"
"-52.75","47.62","ST. JOHN'S INTL A","8403505","2012-03-24 11:30","2012","03","24","11:30","-3.0","","-8.1","","68","","","","31","","45","","10.0","","97.70","","","","-12","","Mostly Cloudy"
"-52.75","47.62","ST. JOHN'S INTL A","8403505","2012-03-24 12:30","2012","03","24","12:30","-2.4","","-7.3","","69","","","","30","","43","","10.0","","97.73","","","","-11","","NA"
"-52.75","47.62","ST. JOHN'S INTL A","8403505","2012-03-24 13:30","2012","03","24","13:30","-2.2","","-7.3","","68","","","","31","","34","","10.0","","97.73","","","","-10","","NA"
"-52.75","47.62","ST. JOHN'S INTL A","8403505","2012-03-24 14:30","2012","03","24","14:30","-1.1","","-7.5","","62","","","","31","","31","","10.0","","97.71","","","","-8","","Mostly Cloudy"
"-52.75","47.62","ST. JOHN'S INTL A","8403505","2012-03-24 15:30","2012","03","24","15:30","-1.2","","-8.2","","59","","","","31","","31","","10.0","","97.74","","","","-8","","NA"
"-52.75","47.62","ST. JOHN'S INTL A","8403505","2012-03-24 16:30","2012","03","24","16:30","-1.2","","-7.8","","61","","","","32","","24","","10.0","","97.78","","","","-7","","NA"
"-52.75","47.62","ST. JOHN'S INTL A","8403505","2012-03-24 17:30","2012","03","24","17:30","-2.4","","-7.3","","69","","","","1","","15","","10.0","","97.82","","","","-7","","Mostly Cloudy"
"-52.75","47.62","ST. JOHN'S INTL A","8403505","2012-03-24 18:30","2012","03","24","18:30","-3.6","","-6.9","","78","","","","2","","12","","10.0","","97.87","","","","-8","","NA"
"-52.75","47.62","ST. JOHN'S INTL A","8403505","2012-03-24 19:30","2012","03","24","19:30","-3.9","","-6.5","","82","","","","2","","17","","10.0","","97.96","","","","-10","","NA"
"-52.75","47.62","ST. JOHN'S INTL A","8403505","2012-03-24 20:30","2012","03","24","20:30","-5.0","","-7.8","","81","","","","35","","12","","10.0","","98.04","","","","-10","","Mostly Cloudy"
"-52.75","47.62","ST. JOHN'S INTL A","8403505","2012-03-24 21:30","2012","03","24","21:30","-5.7","","-8.9","","78","","","","34","","17","","10.0","","98.05","","","","-12","","NA"
"-52.75","47.62","ST. JOHN'S INTL A","8403505","2012-03-24 22:30","2012","03","24","22:30","-5.6","","-9.7","","73","","","","33","","26","","10.0","","98.03","","","","-13","","NA"
"-52.75","47.62","ST. JOHN'S INTL A","8403505","2012-03-24 23:30","2012","03","24","23:30","-6.6","","-11.2","","70","","","","32","","26","","10.0","","98.07","","","","-15","","Mainly Clear"
"-52.75","47.62","ST. JOHN'S INTL A","8403505","2012-03-25 00:30","2012","03","25","00:30","-7.3","","-11.9","","70","","","","31","","26","","10.0","","98.08","","","","-15","","NA"
"-52.75","47.62","ST. JOHN'S INTL A","8403505","2012-03-25 01:30","2012","03","25","01:30","-7.8","","-12.2","","71","","","","32","","22","","10.0","","98.14","","","","-15","","NA"
"-52.75","47.62","ST. JOHN'S INTL A","8403505","2012-03-25 02:30","2012","03","25","02:30","-7.6","","-11.8","","72","","","","32","","24","","10.0","","98.16","","","","-16","","Mostly Cloudy"
"-52.75","47.62","ST. JOHN'S INTL A","8403505","2012-03-25 03:30","2012","03","25","03:30","-7.4","","-11.6","","72","","","","32","","26","","10.0","","98.23","","","","-16","","Snow Showers"
"-52.75","47.62","ST. JOHN'S INTL A","8403505","2012-03-25 04:30","2012","03","25","04:30","-7.3","","-11.5","","72","","","","31","","23","","10.0","","98.28","","","","-15","","Snow Showers"
"-52.75","47.62","ST. JOHN'S INTL A","8403505","2012-03-25 05:30","2012","03","25","05:30","-7.2","","-11.4","","72","","","","32","","24","","10.0","","98.34","","","","-15","","Snow Showers"
"-52.75","47.62","ST. JOHN'S INTL A","8403505","2012-03-25 06:30","2012","03","25","06:30","-7.2","","-10.7","","76","","","","30","","24","","10.0","","98.41","","","","-15","","Snow Showers"
"-52.75","47.62","ST. JOHN'S INTL A","8403505","2012-03-25 07:30","2012","03","25","07:30","-6.9","","-10.3","","77","","","","30","","20","","10.0","","98.50","","","","-14","","Snow Showers,Blowing Snow"
"-52.75","47.62","ST. JOHN'S INTL A","8403505","2012-03-25 08:30","2012","03","25","08:30","-6.9","","-10.8","","74","","","","30","","31","","10.0","","98.56","","","","-16","","Snow Showers,Blowing Snow"
"-52.75","47.62","ST. JOHN'S INTL A","8403505","2012-03-25 09:30","2012","03","25","09:30","-6.3","","-11.5","","67","","","","30","","31","","10.0","","98.63","","","","-15","","Snow Showers"
"-52.75","47.62","ST. JOHN'S INTL A","8403505","2012-03-25 10:30","2012","03","25","10:30","-5.6","","-11.4","","64","","","","31","","36","","10.0","","98.66","","","","-14","","NA"
"-52.75","47.62","ST. JOHN'S INTL A","8403505","2012-03-25 11:30","2012","03","25","11:30","-4.5","","-11.1","","60","","","","31","","31","","10.0","","98.70","","","","-12","","Mostly Cloudy"
"-52.75","47.62","ST. JOHN'S INTL A","8403505","2012-03-25 12:30","2012","03","25","12:30","-3.9","","-10.8","","59","","","","29","","31","","10.0","","98.70","","","","-12","","NA"
"-52.75","47.62","ST. JOHN'S INTL A","8403505","2012-03-25 13:30","2012","03","25","13:30","-2.7","","-10.3","","56","","","","30","","30","","10.0","","98.72","","","","-10","","NA"
"-52.75","47.62","ST. JOHN'S INTL A","8403505","2012-03-25 14:30","2012","03","25","14:30","-2.3","","-10.6","","53","","","","31","","26","","10.0","","98.79","","","","-9","","Mainly Clear"
"-52.75","47.62","ST. JOHN'S INTL A","8403505","2012-03-25 15:30","2012","03","25","15:30","-2.0","","-10.6","","52","","","","32","","29","","10.0","","98.85","","","","-9","","NA"
"-52.75","47.62","ST. JOHN'S INTL A","8403505","2012-03-25 16:30","2012","03","25","16:30","-1.7","","-10.1","","53","","","","32","","24","","10.0","","98.90","","","","-8","","NA"
"-52.75","47.62","ST. JOHN'S INTL A","8403505","2012-03-25 17:30","2012","03","25","17:30","-2.0","","-10.1","","54","","","","31","","15","","10.0","","98.98","","","","-7","","Mainly Clear"
"-52.75","47.62","ST. JOHN'S INTL A","8403505","2012-03-25 18:30","2012","03","25","18:30","-5.1","","-9.8","","70","","","","7","","7","","10.0","","99.08","","","","-8","","NA"
"-52.75","47.62","ST. JOHN'S INTL A","8403505","2012-03-25 19:30","2012","03","25","19:30","-5.8","","-9.4","","76","","","","11","","7","","10.0","","99.16","","","","-9","","NA"
"-52.75","47.62","ST. JOHN'S INTL A","8403505","2012-03-25 20:30","2012","03","25","20:30","-6.6","","-9.0","","83","","","","13","","10","","10.0","","99.22","","","","-11","","Clear"
"-52.75","47.62","ST. JOHN'S INTL A","8403505","2012-03-25 21:30","2012","03","25","21:30","-7.0","","-9.4","","83","","","","12","","8","","10.0","","99.23","","","","-11","","NA"
"-52.75","47.62","ST. JOHN'S INTL A","8403505","2012-03-25 22:30","2012","03","25","22:30","-6.8","","-9.1","","84","","","","17","","7","","10.0","","99.25","","","","-10","","NA"
"-52.75","47.62","ST. JOHN'S INTL A","8403505","2012-03-25 23:30","2012","03","25","23:30","-6.7","","-8.4","","88","","","","13","","11","","10.0","","99.23","","","","-12","","Mainly Clear"
"-52.75","47.62","ST. JOHN'S INTL A","8403505","2012-03-26 00:30","2012","03","26","00:30","-6.1","","-7.8","","88","","","","19","","11","","10.0","","99.26","","","","-11","","NA"
"-52.75","47.62","ST. JOHN'S INTL A","8403505","2012-03-26 01:30","2012","03","26","01:30","-6.0","","-7.8","","87","","","","19","","6","","10.0","","99.30","","","","-9","","NA"
"-52.75","47.62","ST. JOHN'S INTL A","8403505","2012-03-26 02:30","2012","03","26","02:30","-5.8","","-7.0","","91","","","","23","","10","","10.0","","99.31","","","","-10","","Mostly Cloudy"
"-52.75","47.62","ST. JOHN'S INTL A","8403505","2012-03-26 03:30","2012","03","26","03:30","-5.2","","-6.6","","90","","","","23","","8","","10.0","","99.33","","","","-9","","NA"
"-52.75","47.62","ST. JOHN'S INTL A","8403505","2012-03-26 04:30","2012","03","26","04:30","-5.2","","-6.9","","88","","","","22","","11","","10.0","","99.32","","","","-10","","NA"
"-52.75","47.62","ST. JOHN'S INTL A","8403505","2012-03-26 05:30","2012","03","26","05:30","-5.0","","-6.5","","89","","","","23","","12","","10.0","","99.37","","","","-10","","Mostly Cloudy"
"-52.75","47.62","ST. JOHN'S INTL A","8403505","2012-03-26 06:30","2012","03","26","06:30","-3.6","","-5.3","","88","","","","23","","11","","10.0","","99.40","","","","-8","","NA"
"-52.75","47.62","ST. JOHN'S INTL A","8403505","2012-03-26 07:30","2012","03","26","07:30","-2.5","","-4.7","","85","","","","22","","10","","10.0","","99.42","","","","-6","","NA"
"-52.75","47.62","ST. JOHN'S INTL A","8403505","2012-03-26 08:30","2012","03","26","08:30","-1.4","","-4.8","","78","","","","20","","11","","10.0","","99.41","","","","-5","","Cloudy"
"-52.75","47.62","ST. JOHN'S INTL A","8403505","2012-03-26 09:30","2012","03","26","09:30","-0.2","","-5.6","","67","","","","18","","13","","10.0","","99.39","","","","-4","","NA"
"-52.75","47.62","ST. JOHN'S INTL A","8403505","2012-03-26 10:30","2012","03","26","10:30","1.3","","-5.4","","61","","","","17","","16","","10.0","","99.32","","","","","","NA"
"-52.75","47.62","ST. JOHN'S INTL A","8403505","2012-03-26 11:30","2012","03","26","11:30","1.8","","-5.2","","60","","","","20","","15","","10.0","","99.30","","","","","","Cloudy"
"-52.75","47.62","ST. JOHN'S INTL A","8403505","2012-03-26 12:30","2012","03","26","12:30","2.2","","-3.3","","67","","","","17","","18","","10.0","","99.25","","","","","","NA"
"-52.75","47.62","ST. JOHN'S INTL A","8403505","2012-03-26 13:30","2012","03","26","13:30","2.1","","-3.2","","68","","","","15","","31","","10.0","","99.19","","","","","","NA"
"-52.75","47.62","ST. JOHN'S INTL A","8403505","2012-03-26 14:30","2012","03","26","14:30","1.1","","-2.7","","76","","","","17","","31","","10.0","","99.14","","","","","","Cloudy"
"-52.75","47.62","ST. JOHN'S INTL A","8403505","2012-03-26 15:30","2012","03","26","15:30","0.6","","-2.6","","79","","","","16","","28","","10.0","","99.07","","","","","","NA"
"-52.75","47.62","ST. JOHN'S INTL A","8403505","2012-03-26 16:30","2012","03","26","16:30","-0.6","","-2.5","","87","","","","15","","30","","10.0","","98.99","","","","-7","","NA"
"-52.75","47.62","ST. JOHN'S INTL A","8403505","2012-03-26 17:30","2012","03","26","17:30","-1.2","","-2.3","","92","","","","14","","28","","10.0","","98.87","","","","-8","","Snow Showers"
"-52.75","47.62","ST. JOHN'S INTL A","8403505","2012-03-26 18:30","2012","03","26","18:30","-1.4","","-2.0","","96","","","","13","","39","","10.0","","98.71","","","","-9","","Snow Showers"
"-52.75","47.62","ST. JOHN'S INTL A","8403505","2012-03-26 19:30","2012","03","26","19:30","-1.1","","-1.5","","97","","","","13","","47","","10.0","","98.58","","","","-9","","Freezing Rain"
"-52.75","47.62","ST. JOHN'S INTL A","8403505","2012-03-26 20:30","2012","03","26","20:30","-1.0","","-1.3","","98","","","","12","","45","","10.0","","98.42","","","","-9","","Freezing Rain"
"-52.75","47.62","ST. JOHN'S INTL A","8403505","2012-03-26 21:30","2012","03","26","21:30","-0.7","","-0.8","","99","","","","12","","37","","8.1","","98.25","","","","-8","","Freezing Rain"
"-52.75","47.62","ST. JOHN'S INTL A","8403505","2012-03-26 22:30","2012","03","26","22:30","-0.3","","-0.4","","99","","","","13","","43","","2.4","","98.03","","","","-8","","Freezing Rain,Fog"
"-52.75","47.62","ST. JOHN'S INTL A","8403505","2012-03-26 23:30","2012","03","26","23:30","-0.1","","-0.2","","99","","","","14","","49","","0.4","","97.77","","","","-8","","Freezing Rain,Freezing Fog"
"-52.75","47.62","ST. JOHN'S INTL A","8403505","2012-03-27 00:30","2012","03","27","00:30","0.2","","0.2","","100","","","","14","","48","","0.4","","97.57","","","","","","Rain,Fog"
"-52.75","47.62","ST. JOHN'S INTL A","8403505","2012-03-27 01:30","2012","03","27","01:30","0.9","","0.9","","100","","","","16","","48","","4.8","","97.42","","","","","","Rain,Fog"
"-52.75","47.62","ST. JOHN'S INTL A","8403505","2012-03-27 02:30","2012","03","27","02:30","1.6","","1.6","","100","","","","16","","40","","0.4","","97.32","","","","","","Drizzle,Fog"
"-52.75","47.62","ST. JOHN'S INTL A","8403505","2012-03-27 03:30","2012","03","27","03:30","2.7","","2.7","","100","","","","16","","35","","4.8","","97.27","","","","","","Drizzle,Fog"
"-52.75","47.62","ST. JOHN'S INTL A","8403505","2012-03-27 04:30","2012","03","27","04:30","4.0","","4.0","","100","","","","17","","31","","10.0","","97.18","","","","","","NA"
"-52.75","47.62","ST. JOHN'S INTL A","8403505","2012-03-27 05:30","2012","03","27","05:30","4.7","","4.7","","100","","","","18","","24","","2.4","","97.18","","","","","","Fog"
"-52.75","47.62","ST. JOHN'S INTL A","8403505","2012-03-27 06:30","2012","03","27","06:30","5.1","","5.1","","100","","","","18","","30","","0.8","","97.19","","","","","","Fog"
"-52.75","47.62","ST. JOHN'S INTL A","8403505","2012-03-27 07:30","2012","03","27","07:30","5.2","","5.2","","100","","","","17","","22","","1.0","","97.17","","","","","","Fog"
"-52.75","47.62","ST. JOHN'S INTL A","8403505","2012-03-27 08:30","2012","03","27","08:30","6.0","","6.0","","100","","","","17","","27","","4.8","","97.11","","","","","","Rain,Fog"
"-52.75","47.62","ST. JOHN'S INTL A","8403505","2012-03-27 09:30","2012","03","27","09:30","7.0","","7.0","","100","","","","20","","30","","10.0","","97.14","","","","","","NA"
"-52.75","47.62","ST. JOHN'S INTL A","8403505","2012-03-27 10:30","2012","03","27","10:30","7.3","","7.3","","100","","","","21","","13","","10.0","","97.24","","","","","","NA"
"-52.75","47.62","ST. JOHN'S INTL A","8403505","2012-03-27 11:30","2012","03","27","11:30","6.4","","6.1","","98","","","","23","","20","","10.0","","97.36","","","","","","Cloudy"
"-52.75","47.62","ST. JOHN'S INTL A","8403505","2012-03-27 12:30","2012","03","27","12:30","7.2","","6.8","","97","","","","21","","12","","10.0","","97.33","","","","","","Rain Showers"
"-52.75","47.62","ST. JOHN'S INTL A","8403505","2012-03-27 13:30","2012","03","27","13:30","7.5","","7.2","","98","","","","18","","17","","10.0","","97.36","","","","","","Rain"
"-52.75","47.62","ST. JOHN'S INTL A","8403505","2012-03-27 14:30","2012","03","27","14:30","7.2","","6.8","","97","","","","20","","19","","10.0","","97.42","","","","","","Rain"
"-52.75","47.62","ST. JOHN'S INTL A","8403505","2012-03-27 15:30","2012","03","27","15:30","7.1","","6.7","","97","","","","20","","8","","10.0","","97.41","","","","","","Rain"
"-52.75","47.62","ST. JOHN'S INTL A","8403505","2012-03-27 16:30","2012","03","27","16:30","8.0","","6.8","","92","","","","20","","6","","10.0","","97.44","","","","","","NA"
"-52.75","47.62","ST. JOHN'S INTL A","8403505","2012-03-27 17:30","2012","03","27","17:30","5.8","","5.4","","97","","","","26","","12","","10.0","","97.53","","","","","","Cloudy"
"-52.75","47.62","ST. JOHN'S INTL A","8403505","2012-03-27 18:30","2012","03","27","18:30","4.8","","4.5","","98","","","","27","","9","","10.0","","97.59","","","","","","NA"
"-52.75","47.62","ST. JOHN'S INTL A","8403505","2012-03-27 19:30","2012","03","27","19:30","4.2","","4.1","","99","","","","26","","10","","10.0","","97.65","","","","","","NA"
"-52.75","47.62","ST. JOHN'S INTL A","8403505","2012-03-27 20:30","2012","03","27","20:30","2.7","","2.4","","98","","","","26","","12","","10.0","","97.73","","","","","","Cloudy"
"-52.75","47.62","ST. JOHN'S INTL A","8403505","2012-03-27 21:30","2012","03","27","21:30","1.8","","1.4","","97","","","","25","","22","","10.0","","97.76","","","","","","NA"
"-52.75","47.62","ST. JOHN'S INTL A","8403505","2012-03-27 22:30","2012","03","27","22:30","1.2","","1.1","","99","","","","26","","25","","4.8","","97.79","","","","","","Fog"
"-52.75","47.62","ST. JOHN'S INTL A","8403505","2012-03-27 23:30","2012","03","27","23:30","1.1","","1.0","","99","","","","26","","26","","0.4","","97.81","","","","","","Fog"
"-52.75","47.62","ST. JOHN'S INTL A","8403505","2012-03-28 00:30","2012","03","28","00:30","0.5","","0.5","","100","","","","27","","28","","10.0","","97.89","","","","","","Fog"
"-52.75","47.62","ST. JOHN'S INTL A","8403505","2012-03-28 01:30","2012","03","28","01:30","-0.6","","-0.7","","99","","","","25","","26","","8.1","","97.94","","","","-7","","Fog"
"-52.75","47.62","ST. JOHN'S INTL A","8403505","2012-03-28 02:30","2012","03","28","02:30","-1.1","","-1.2","","99","","","","24","","21","","8.1","","98.01","","","","-7","","Fog"
"-52.75","47.62","ST. JOHN'S INTL A","8403505","2012-03-28 03:30","2012","03","28","03:30","-1.2","","-1.9","","95","","","","25","","15","","10.0","","98.06","","","","-6","","NA"
"-52.75","47.62","ST. JOHN'S INTL A","8403505","2012-03-28 04:30","2012","03","28","04:30","-1.2","","-2.2","","93","","","","22","","12","","10.0","","98.17","","","","-5","","Snow Showers"
"-52.75","47.62","ST. JOHN'S INTL A","8403505","2012-03-28 05:30","2012","03","28","05:30","-1.5","","-2.9","","90","","","","22","","5","","10.0","","98.23","","","","-3","","Cloudy"
"-52.75","47.62","ST. JOHN'S INTL A","8403505","2012-03-28 06:30","2012","03","28","06:30","-1.7","","-2.8","","92","","","","22","","13","","10.0","","98.28","","","","-6","","NA"
"-52.75","47.62","ST. JOHN'S INTL A","8403505","2012-03-28 07:30","2012","03","28","07:30","-0.4","","-2.0","","89","","","","20","","12","","10.0","","98.33","","","","-4","","NA"
"-52.75","47.62","ST. JOHN'S INTL A","8403505","2012-03-28 08:30","2012","03","28","08:30","0.0","","-2.7","","82","","","","21","","21","","10.0","","98.39","","","","-5","","Mostly Cloudy"
"-52.75","47.62","ST. JOHN'S INTL A","8403505","2012-03-28 09:30","2012","03","28","09:30","1.3","","-1.1","","84","","","","25","","12","","10.0","","98.45","","","","","","NA"
"-52.75","47.62","ST. JOHN'S INTL A","8403505","2012-03-28 10:30","2012","03","28","10:30","1.3","","-2.7","","75","","","","20","","22","","10.0","","98.44","","","","","","NA"
"-52.75","47.62","ST. JOHN'S INTL A","8403505","2012-03-28 11:30","2012","03","28","11:30","1.0","","-3.5","","72","","","","21","","14","","10.0","","98.46","","","","","","Cloudy"
"-52.75","47.62","ST. JOHN'S INTL A","8403505","2012-03-28 12:30","2012","03","28","12:30","2.1","","-2.6","","71","","","","22","","13","","10.0","","98.42","","","","","","NA"
"-52.75","47.62","ST. JOHN'S INTL A","8403505","2012-03-28 13:30","2012","03","28","13:30","2.5","","-2.6","","69","","","","18","","14","","10.0","","98.41","","","","","","NA"
"-52.75","47.62","ST. JOHN'S INTL A","8403505","2012-03-28 14:30","2012","03","28","14:30","2.1","","-2.6","","71","","","","16","","20","","10.0","","98.40","","","","","","Cloudy"
"-52.75","47.62","ST. JOHN'S INTL A","8403505","2012-03-28 15:30","2012","03","28","15:30","1.3","","-3.6","","70","","","","16","","20","","10.0","","98.40","","","","","","NA"
"-52.75","47.62","ST. JOHN'S INTL A","8403505","2012-03-28 16:30","2012","03","28","16:30","1.7","","-3.8","","67","","","","18","","22","","10.0","","98.42","","","","","","NA"
"-52.75","47.62","ST. JOHN'S INTL A","8403505","2012-03-28 17:30","2012","03","28","17:30","0.3","","-3.3","","77","","","","16","","26","","10.0","","98.45","","","","","","Mostly Cloudy"
"-52.75","47.62","ST. JOHN'S INTL A","8403505","2012-03-28 18:30","2012","03","28","18:30","-1.0","","-3.2","","85","","","","16","","24","","10.0","","98.45","","","","-7","","NA"
"-52.75","47.62","ST. JOHN'S INTL A","8403505","2012-03-28 19:30","2012","03","28","19:30","-1.3","","-2.9","","89","","","","18","","22","","10.0","","98.44","","","","-7","","NA"
"-52.75","47.62","ST. JOHN'S INTL A","8403505","2012-03-28 20:30","2012","03","28","20:30","-2.0","","-3.1","","92","","","","17","","12","","10.0","","98.46","","","","-6","","Mainly Clear"
"-52.75","47.62","ST. JOHN'S INTL A","8403505","2012-03-28 21:30","2012","03","28","21:30","-2.2","","-3.3","","92","","","","19","","9","","10.0","","98.41","","","","-6","","NA"
"-52.75","47.62","ST. JOHN'S INTL A","8403505","2012-03-28 22:30","2012","03","28","22:30","-1.8","","-3.1","","91","","","","20","","10","","10.0","","98.34","","","","-5","","NA"
"-52.75","47.62","ST. JOHN'S INTL A","8403505","2012-03-28 23:30","2012","03","28","23:30","-2.2","","-3.8","","89","","","","18","","13","","10.0","","98.37","","","","-7","","Mostly Cloudy"
"-52.75","47.62","ST. JOHN'S INTL A","8403505","2012-03-29 00:30","2012","03","29","00:30","-2.5","","-3.9","","90","","","","17","","8","","10.0","","98.28","","","","-6","","NA"
"-52.75","47.62","ST. JOHN'S INTL A","8403505","2012-03-29 01:30","2012","03","29","01:30","-2.1","","-3.8","","88","","","","17","","10","","10.0","","98.27","","","","-6","","NA"
"-52.75","47.62","ST. JOHN'S INTL A","8403505","2012-03-29 02:30","2012","03","29","02:30","-1.8","","-2.9","","92","","","","19","","13","","10.0","","98.21","","","","-6","","Cloudy"
"-52.75","47.62","ST. JOHN'S INTL A","8403505","2012-03-29 03:30","2012","03","29","03:30","-1.8","","-3.2","","90","","","","18","","9","","10.0","","98.18","","","","-5","","NA"
"-52.75","47.62","ST. JOHN'S INTL A","8403505","2012-03-29 04:30","2012","03","29","04:30","-1.9","","-3.3","","90","","","","21","","15","","10.0","","98.12","","","","-7","","NA"
"-52.75","47.62","ST. JOHN'S INTL A","8403505","2012-03-29 05:30","2012","03","29","05:30","-2.0","","-3.6","","89","","","","18","","15","","10.0","","98.11","","","","-7","","Cloudy"
"-52.75","47.62","ST. JOHN'S INTL A","8403505","2012-03-29 06:30","2012","03","29","06:30","-1.9","","-3.9","","86","","","","19","","17","","10.0","","98.10","","","","-7","","NA"
"-52.75","47.62","ST. JOHN'S INTL A","8403505","2012-03-29 07:30","2012","03","29","07:30","-1.2","","-4.1","","81","","","","21","","17","","10.0","","98.12","","","","-6","","NA"
"-52.75","47.62","ST. JOHN'S INTL A","8403505","2012-03-29 08:30","2012","03","29","08:30","-0.7","","-3.7","","80","","","","19","","19","","10.0","","98.10","","","","-6","","Mostly Cloudy"
"-52.75","47.62","ST. JOHN'S INTL A","8403505","2012-03-29 09:30","2012","03","29","09:30","0.3","","-3.6","","75","","","","20","","14","","10.0","","98.08","","","","","","NA"
"-52.75","47.62","ST. JOHN'S INTL A","8403505","2012-03-29 10:30","2012","03","29","10:30","0.4","","-3.0","","78","","","","23","","19","","10.0","","98.08","","","","","","Snow Pellets"
"-52.75","47.62","ST. JOHN'S INTL A","8403505","2012-03-29 11:30","2012","03","29","11:30","3.2","","-4.1","","59","","","","25","","27","","10.0","","98.06","","","","","","Mostly Cloudy"
"-52.75","47.62","ST. JOHN'S INTL A","8403505","2012-03-29 12:30","2012","03","29","12:30","3.2","","-3.6","","61","","","","24","","26","","10.0","","98.06","","","","","","NA"
"-52.75","47.62","ST. JOHN'S INTL A","8403505","2012-03-29 13:30","2012","03","29","13:30","4.1","","-4.1","","55","","","","23","","35","","10.0","","98.04","","","","","","NA"
"-52.75","47.62","ST. JOHN'S INTL A","8403505","2012-03-29 14:30","2012","03","29","14:30","3.0","","-3.6","","62","","","","24","","27","","10.0","","98.07","","","","","","Mostly Cloudy"
"-52.75","47.62","ST. JOHN'S INTL A","8403505","2012-03-29 15:30","2012","03","29","15:30","2.8","","-4.4","","59","","","","24","","30","","10.0","","98.11","","","","","","NA"
"-52.75","47.62","ST. JOHN'S INTL A","8403505","2012-03-29 16:30","2012","03","29","16:30","2.2","","-4.3","","62","","","","26","","29","","10.0","","98.18","","","","","","NA"
"-52.75","47.62","ST. JOHN'S INTL A","8403505","2012-03-29 17:30","2012","03","29","17:30","1.3","","-5.0","","63","","","","24","","28","","10.0","","98.28","","","","","","Mostly Cloudy"
"-52.75","47.62","ST. JOHN'S INTL A","8403505","2012-03-29 18:30","2012","03","29","18:30","0.2","","-3.9","","74","","","","23","","20","","10.0","","98.36","","","","","","NA"
"-52.75","47.62","ST. JOHN'S INTL A","8403505","2012-03-29 19:30","2012","03","29","19:30","-0.9","","-4.4","","77","","","","24","","19","","10.0","","98.48","","","","-6","","NA"
"-52.75","47.62","ST. JOHN'S INTL A","8403505","2012-03-29 20:30","2012","03","29","20:30","-1.2","","-4.6","","78","","","","22","","22","","10.0","","98.55","","","","-7","","Cloudy"
"-52.75","47.62","ST. JOHN'S INTL A","8403505","2012-03-29 21:30","2012","03","29","21:30","-1.5","","-4.9","","78","","","","22","","23","","10.0","","98.60","","","","-8","","NA"
"-52.75","47.62","ST. JOHN'S INTL A","8403505","2012-03-29 22:30","2012","03","29","22:30","-1.8","","-4.8","","80","","","","23","","16","","10.0","","98.64","","","","-7","","NA"
"-52.75","47.62","ST. JOHN'S INTL A","8403505","2012-03-29 23:30","2012","03","29","23:30","-1.6","","-4.8","","79","","","","22","","24","","10.0","","98.68","","","","-8","","Cloudy"
"-52.75","47.62","ST. JOHN'S INTL A","8403505","2012-03-30 00:30","2012","03","30","00:30","-1.5","","-4.5","","80","","","","23","","19","","10.0","","98.68","","","","-7","","NA"
"-52.75","47.62","ST. JOHN'S INTL A","8403505","2012-03-30 01:30","2012","03","30","01:30","-1.8","","-4.8","","80","","","","23","","22","","10.0","","98.69","","","","-8","","NA"
"-52.75","47.62","ST. JOHN'S INTL A","8403505","2012-03-30 02:30","2012","03","30","02:30","-1.9","","-4.7","","81","","","","23","","14","","10.0","","98.72","","","","-7","","Cloudy"
"-52.75","47.62","ST. JOHN'S INTL A","8403505","2012-03-30 03:30","2012","03","30","03:30","-2.0","","-4.7","","82","","","","21","","13","","10.0","","98.74","","","","-6","","NA"
"-52.75","47.62","ST. JOHN'S INTL A","8403505","2012-03-30 04:30","2012","03","30","04:30","-2.0","","-4.7","","82","","","","20","","9","","10.0","","98.78","","","","-5","","NA"
"-52.75","47.62","ST. JOHN'S INTL A","8403505","2012-03-30 05:30","2012","03","30","05:30","-2.0","","-4.8","","81","","","","20","","14","","10.0","","98.84","","","","-7","","Cloudy"
"-52.75","47.62","ST. JOHN'S INTL A","8403505","2012-03-30 06:30","2012","03","30","06:30","-2.0","","-5.0","","80","","","","20","","4","","10.0","","98.88","","","","-3","","NA"
"-52.75","47.62","ST. JOHN'S INTL A","8403505","2012-03-30 07:30","2012","03","30","07:30","-1.6","","-4.8","","79","","","","18","","6","","10.0","","98.88","","","","-4","","NA"
"-52.75","47.62","ST. JOHN'S INTL A","8403505","2012-03-30 08:30","2012","03","30","08:30","-1.4","","-4.6","","79","","","","12","","4","","10.0","","98.88","","","","-3","","Cloudy"
"-52.75","47.62","ST. JOHN'S INTL A","8403505","2012-03-30 09:30","2012","03","30","09:30","-0.9","","-4.4","","77","","","","16","","8","","10.0","","98.91","","","","-4","","NA"
"-52.75","47.62","ST. JOHN'S INTL A","8403505","2012-03-30 10:30","2012","03","30","10:30","1.0","","-4.3","","68","","","","7","","4","","10.0","","98.86","","","","","","NA"
"-52.75","47.62","ST. JOHN'S INTL A","8403505","2012-03-30 11:30","2012","03","30","11:30","1.4","","-3.3","","71","","","","7","","13","","10.0","","98.86","","","","","","Mostly Cloudy"
"-52.75","47.62","ST. JOHN'S INTL A","8403505","2012-03-30 12:30","2012","03","30","12:30","1.4","","-3.1","","72","","","","12","","18","","10.0","","98.84","","","","","","NA"
"-52.75","47.62","ST. JOHN'S INTL A","8403505","2012-03-30 13:30","2012","03","30","13:30","1.0","","-2.9","","75","","","","11","","16","","10.0","","98.78","","","","","","NA"
"-52.75","47.62","ST. JOHN'S INTL A","8403505","2012-03-30 14:30","2012","03","30","14:30","0.4","","-3.3","","76","","","","9","","14","","10.0","","98.74","","","","","","Mostly Cloudy"
"-52.75","47.62","ST. JOHN'S INTL A","8403505","2012-03-30 15:30","2012","03","30","15:30","0.2","","-3.5","","76","","","","10","","15","","10.0","","98.71","","","","","","NA"
"-52.75","47.62","ST. JOHN'S INTL A","8403505","2012-03-30 16:30","2012","03","30","16:30","-0.6","","-3.1","","83","","","","6","","13","","10.0","","98.65","","","","-5","","NA"
"-52.75","47.62","ST. JOHN'S INTL A","8403505","2012-03-30 17:30","2012","03","30","17:30","-1.0","","-3.2","","85","","","","5","","21","","10.0","","98.63","","","","-7","","Mostly Cloudy"
"-52.75","47.62","ST. JOHN'S INTL A","8403505","2012-03-30 18:30","2012","03","30","18:30","-1.6","","-3.2","","89","","","","5","","20","","10.0","","98.58","","","","-7","","NA"
"-52.75","47.62","ST. JOHN'S INTL A","8403505","2012-03-30 19:30","2012","03","30","19:30","-1.7","","-3.6","","87","","","","4","","22","","10.0","","98.55","","","","-8","","NA"
"-52.75","47.62","ST. JOHN'S INTL A","8403505","2012-03-30 20:30","2012","03","30","20:30","-2.0","","-2.8","","94","","","","4","","19","","10.0","","98.49","","","","-8","","Snow"
"-52.75","47.62","ST. JOHN'S INTL A","8403505","2012-03-30 21:30","2012","03","30","21:30","-2.5","","-3.1","","96","","","","4","","28","","3.2","","98.38","","","","-10","","Snow"
"-52.75","47.62","ST. JOHN'S INTL A","8403505","2012-03-30 22:30","2012","03","30","22:30","-2.8","","-3.2","","97","","","","3","","32","","10.0","","98.31","","","","-10","","Snow"
"-52.75","47.62","ST. JOHN'S INTL A","8403505","2012-03-30 23:30","2012","03","30","23:30","-2.9","","-3.3","","97","","","","4","","37","","3.2","","98.26","","","","-11","","Snow"
"-52.75","47.62","ST. JOHN'S INTL A","8403505","2012-03-31 00:30","2012","03","31","00:30","-3.0","","-3.4","","97","","","","3","","33","","0.6","","98.07","","","","-11","","Snow,Blowing Snow"
"-52.75","47.62","ST. JOHN'S INTL A","8403505","2012-03-31 01:30","2012","03","31","01:30","-3.0","","-3.6","","96","","","","2","","32","","0.8","","97.99","","","","-11","","Snow,Blowing Snow"
"-52.75","47.62","ST. JOHN'S INTL A","8403505","2012-03-31 02:30","2012","03","31","02:30","-3.1","","-3.7","","96","","","","1","","35","","2.4","","97.90","","","","-11","","Snow,Blowing Snow"
"-52.75","47.62","ST. JOHN'S INTL A","8403505","2012-03-31 03:30","2012","03","31","03:30","-2.9","","-3.5","","96","","","","1","","26","","1.2","","97.84","","","","-10","","Snow,Blowing Snow"
"-52.75","47.62","ST. JOHN'S INTL A","8403505","2012-03-31 04:30","2012","03","31","04:30","-2.9","","-3.6","","95","","","","1","","35","","3.2","","97.80","","","","-11","","Snow,Blowing Snow"
"-52.75","47.62","ST. JOHN'S INTL A","8403505","2012-03-31 05:30","2012","03","31","05:30","-3.0","","-3.6","","96","","","","0","","51","","1.2","","97.74","","","","-12","","Snow,Blowing Snow"
"-52.75","47.62","ST. JOHN'S INTL A","8403505","2012-03-31 06:30","2012","03","31","06:30","-3.0","","-3.7","","95","","","","36","","43","","2.4","","97.73","","","","-12","","Snow,Blowing Snow"
"-52.75","47.62","ST. JOHN'S INTL A","8403505","2012-03-31 07:30","2012","03","31","07:30","-3.0","","-3.8","","94","","","","36","","41","","0.8","","97.73","","","","-11","","Snow,Blowing Snow"
"-52.75","47.62","ST. JOHN'S INTL A","8403505","2012-03-31 08:30","2012","03","31","08:30","-2.5","","-3.5","","93","","","","35","","42","","2.0","","97.72","","","","-11","","Snow,Blowing Snow"
"-52.75","47.62","ST. JOHN'S INTL A","8403505","2012-03-31 09:30","2012","03","31","09:30","-2.4","","-3.2","","94","","","","35","","40","","1.0","","97.74","","","","-11","","Snow,Blowing Snow"
"-52.75","47.62","ST. JOHN'S INTL A","8403505","2012-03-31 10:30","2012","03","31","10:30","-1.9","","-2.9","","93","","","","34","","36","","1.0","","97.75","","","","-10","","Snow,Blowing Snow"
"-52.75","47.62","ST. JOHN'S INTL A","8403505","2012-03-31 11:30","2012","03","31","11:30","-2.3","","-3.3","","93","","","","33","","37","","0.8","","97.73","","","","-10","","Moderate Snow,Blowing Snow"
"-52.75","47.62","ST. JOHN'S INTL A","8403505","2012-03-31 12:30","2012","03","31","12:30","-2.4","","-3.2","","94","","","","33","","50","","0.8","","97.72","","","","-11","","Moderate Snow,Blowing Snow"
"-52.75","47.62","ST. JOHN'S INTL A","8403505","2012-03-31 13:30","2012","03","31","13:30","-2.4","","-3.2","","94","","","","32","","49","","0.8","","97.73","","","","-11","","Moderate Snow,Blowing Snow"
"-52.75","47.62","ST. JOHN'S INTL A","8403505","2012-03-31 14:30","2012","03","31","14:30","-2.7","","-3.5","","94","","","","33","","53","","0.8","","97.77","","","","-12","","Snow,Blowing Snow"
"-52.75","47.62","ST. JOHN'S INTL A","8403505","2012-03-31 15:30","2012","03","31","15:30","-3.0","","-4.0","","93","","","","32","","54","","0.6","","97.78","","","","-13","","Snow,Blowing Snow"
"-52.75","47.62","ST. JOHN'S INTL A","8403505","2012-03-31 16:30","2012","03","31","16:30","-3.0","","-3.8","","94","","","","33","","44","","0.6","","97.85","","","","-12","","Snow,Blowing Snow"
"-52.75","47.62","ST. JOHN'S INTL A","8403505","2012-03-31 17:30","2012","03","31","17:30","-3.0","","-4.0","","93","","","","32","","48","","1.2","","97.91","","","","-12","","Snow,Blowing Snow"
"-52.75","47.62","ST. JOHN'S INTL A","8403505","2012-03-31 18:30","2012","03","31","18:30","-3.1","","-4.1","","93","","","","34","","49","","1.2","","97.98","","","","-12","","Snow,Blowing Snow"
"-52.75","47.62","ST. JOHN'S INTL A","8403505","2012-03-31 19:30","2012","03","31","19:30","-3.2","","-4.0","","94","","","","33","","40","","6.4","","98.07","","","","-12","","Snow,Blowing Snow"
"-52.75","47.62","ST. JOHN'S INTL A","8403505","2012-03-31 20:30","2012","03","31","20:30","-3.1","","-3.8","","95","","","","32","","40","","8.1","","98.18","","","","-12","","Snow,Blowing Snow"
"-52.75","47.62","ST. JOHN'S INTL A","8403505","2012-03-31 21:30","2012","03","31","21:30","-3.0","","-3.7","","95","","","","32","","40","","6.4","","98.23","","","","-11","","Freezing Drizzle,Blowing Snow"
"-52.75","47.62","ST. JOHN'S INTL A","8403505","2012-03-31 22:30","2012","03","31","22:30","-2.8","","-3.4","","96","","","","31","","35","","4.8","","98.29","","","","-11","","Freezing Drizzle,Blowing Snow"
"-52.75","47.62","ST. JOHN'S INTL A","8403505","2012-03-31 23:30","2012","03","31","23:30","-2.9","","-3.6","","95","","","","31","","35","","4.8","","98.32","","","","-11","","Freezing Drizzle,Blowing Snow"
