"Longitude (x)","Latitude (y)","Station Name","Climate ID","Date/Time (LST)","Year","Month","Day","Time (LST)","Temp (°C)","Temp Flag","Dew Point Temp (°C)","Dew Point Temp Flag","Rel Hum (%)","Rel Hum Flag","Wind Dir (10s deg)","Wind Dir Flag","Wind Spd (km/h)","Wind Spd Flag","Visibility (km)","Visibility Flag","Stn Press (kPa)","Stn Press Flag","Hmdx","Hmdx Flag","Wind Chill","Wind Chill Flag","Weather"
"-123.12","49.30","VANCOUVER HARBOUR CS","1108446","1976-01-01 00:00","1976","01","01","00:00"
"-123.12","49.30","VANCOUVER HARBOUR CS","1108446","1976-01-01 01:00","1976","01","01","01:00"
"-123.12","49.30","VANCOUVER HARBOUR CS","1108446","1976-01-01 02:00","1976","01","01","02:00"
"-123.12","49.30","VANCOUVER HARBOUR CS","1108446","1976-01-01 03:00","1976","01","01","03:00"
"-123.12","49.30","VANCOUVER HARBOUR CS","1108446","1976-01-01 04:00","1976","01","01","04:00"
"-123.12","49.30","VANCOUVER HARBOUR CS","1108446","1976-01-01 05:00","1976","01","01","05:00"
"-123.12","49.30","VANCOUVER HARBOUR CS","1108446","1976-01-01 06:00","1976","01","01","06:00"
"-123.12","49.30","VANCOUVER HARBOUR CS","1108446","1976-01-01 07:00","1976","01","01","07:00"
"-123.12","49.30","VANCOUVER HARBOUR CS","1108446","1976-01-01 08:00","1976","01","01","08:00"
"-123.12","49.30","VANCOUVER HARBOUR CS","1108446","1976-01-01 09:00","1976","01","01","09:00"
"-123.12","49.30","VANCOUVER HARBOUR CS","1108446","1976-01-01 10:00","1976","01","01","10:00"
"-123.12","49.30","VANCOUVER HARBOUR CS","1108446","1976-01-01 11:00","1976","01","01","11:00"
"-123.12","49.30","VANCOUVER HARBOUR CS","1108446","1976-01-01 12:00","1976","01","01","12:00"
"-123.12","49.30","VANCOUVER HARBOUR CS","1108446","1976-01-01 13:00","1976","01","01","13:00"
"-123.12","49.30","VANCOUVER HARBOUR CS","1108446","1976-01-01 14:00","1976","01","01","14:00"
"-123.12","49.30","VANCOUVER HARBOUR CS","1108446","1976-01-01 15:00","1976","01","01","15:00"
"-123.12","49.30","VANCOUVER HARBOUR CS","1108446","1976-01-01 16:00","1976","01","01","16:00"
"-123.12","49.30","VANCOUVER HARBOUR CS","1108446","1976-01-01 17:00","1976","01","01","17:00"
"-123.12","49.30","VANCOUVER HARBOUR CS","1108446","1976-01-01 18:00","1976","01","01","18:00"
"-123.12","49.30","VANCOUVER HARBOUR CS","1108446","1976-01-01 19:00","1976","01","01","19:00"
"-123.12","49.30","VANCOUVER HARBOUR CS","1108446","1976-01-01 20:00","1976","01","01","20:00"
"-123.12","49.30","VANCOUVER HARBOUR CS","1108446","1976-01-01 21:00","1976","01","01","21:00"
"-123.12","49.30","VANCOUVER HARBOUR CS","1108446","1976-01-01 22:00","1976","01","01","22:00"
"-123.12","49.30","VANCOUVER HARBOUR CS","1108446","1976-01-01 23:00","1976","01","01","23:00"
"-123.12","49.30","VANCOUVER HARBOUR CS","1108446","1976-01-02 00:00","1976","01","02","00:00"
"-123.12","49.30","VANCOUVER HARBOUR CS","1108446","1976-01-02 01:00","1976","01","02","01:00"
"-123.12","49.30","VANCOUVER HARBOUR CS","1108446","1976-01-02 02:00","1976","01","02","02:00"
"-123.12","49.30","VANCOUVER HARBOUR CS","1108446","1976-01-02 03:00","1976","01","02","03:00"
"-123.12","49.30","VANCOUVER HARBOUR CS","1108446","1976-01-02 04:00","1976","01","02","04:00"
"-123.12","49.30","VANCOUVER HARBOUR CS","1108446","1976-01-02 05:00","1976","01","02","05:00"
"-123.12","49.30","VANCOUVER HARBOUR CS","1108446","1976-01-02 06:00","1976","01","02","06:00"
"-123.12","49.30","VANCOUVER HARBOUR CS","1108446","1976-01-02 07:00","1976","01","02","07:00"
"-123.12","49.30","VANCOUVER HARBOUR CS","1108446","1976-01-02 08:00","1976","01","02","08:00"
"-123.12","49.30","VANCOUVER HARBOUR CS","1108446","1976-01-02 09:00","1976","01","02","09:00"
"-123.12","49.30","VANCOUVER HARBOUR CS","1108446","1976-01-02 10:00","1976","01","02","10:00"
"-123.12","49.30","VANCOUVER HARBOUR CS","1108446","1976-01-02 11:00","1976","01","02","11:00"
"-123.12","49.30","VANCOUVER HARBOUR CS","1108446","1976-01-02 12:00","1976","01","02","12:00"
"-123.12","49.30","VANCOUVER HARBOUR CS","1108446","1976-01-02 13:00","1976","01","02","13:00"
"-123.12","49.30","VANCOUVER HARBOUR CS","1108446","1976-01-02 14:00","1976","01","02","14:00"
"-123.12","49.30","VANCOUVER HARBOUR CS","1108446","1976-01-02 15:00","1976","01","02","15:00"
"-123.12","49.30","VANCOUVER HARBOUR CS","1108446","1976-01-02 16:00","1976","01","02","16:00"
"-123.12","49.30","VANCOUVER HARBOUR CS","1108446","1976-01-02 17:00","1976","01","02","17:00"
"-123.12","49.30","VANCOUVER HARBOUR CS","1108446","1976-01-02 18:00","1976","01","02","18:00"
"-123.12","49.30","VANCOUVER HARBOUR CS","1108446","1976-01-02 19:00","1976","01","02","19:00"
"-123.12","49.30","VANCOUVER HARBOUR CS","1108446","1976-01-02 20:00","1976","01","02","20:00"
"-123.12","49.30","VANCOUVER HARBOUR CS","1108446","1976-01-02 21:00","1976","01","02","21:00"
"-123.12","49.30","VANCOUVER HARBOUR CS","1108446","1976-01-02 22:00","1976","01","02","22:00"
"-123.12","49.30","VANCOUVER HARBOUR CS","1108446","1976-01-02 23:00","1976","01","02","23:00"
"-123.12","49.30","VANCOUVER HARBOUR CS","1108446","1976-01-03 00:00","1976","01","03","00:00"
"-123.12","49.30","VANCOUVER HARBOUR CS","1108446","1976-01-03 01:00","1976","01","03","01:00"
"-123.12","49.30","VANCOUVER HARBOUR CS","1108446","1976-01-03 02:00","1976","01","03","02:00"
"-123.12","49.30","VANCOUVER HARBOUR CS","1108446","1976-01-03 03:00","1976","01","03","03:00"
"-123.12","49.30","VANCOUVER HARBOUR CS","1108446","1976-01-03 04:00","1976","01","03","04:00"
"-123.12","49.30","VANCOUVER HARBOUR CS","1108446","1976-01-03 05:00","1976","01","03","05:00"
"-123.12","49.30","VANCOUVER HARBOUR CS","1108446","1976-01-03 06:00","1976","01","03","06:00"
"-123.12","49.30","VANCOUVER HARBOUR CS","1108446","1976-01-03 07:00","1976","01","03","07:00"
"-123.12","49.30","VANCOUVER HARBOUR CS","1108446","1976-01-03 08:00","1976","01","03","08:00"
"-123.12","49.30","VANCOUVER HARBOUR CS","1108446","1976-01-03 09:00","1976","01","03","09:00"
"-123.12","49.30","VANCOUVER HARBOUR CS","1108446","1976-01-03 10:00","1976","01","03","10:00"
"-123.12","49.30","VANCOUVER HARBOUR CS","1108446","1976-01-03 11:00","1976","01","03","11:00"
"-123.12","49.30","VANCOUVER HARBOUR CS","1108446","1976-01-03 12:00","1976","01","03","12:00"
"-123.12","49.30","VANCOUVER HARBOUR CS","1108446","1976-01-03 13:00","1976","01","03","13:00"
"-123.12","49.30","VANCOUVER HARBOUR CS","1108446","1976-01-03 14:00","1976","01","03","14:00"
"-123.12","49.30","VANCOUVER HARBOUR CS","1108446","1976-01-03 15:00","1976","01","03","15:00"
"-123.12","49.30","VANCOUVER HARBOUR CS","1108446","1976-01-03 16:00","1976","01","03","16:00"
"-123.12","49.30","VANCOUVER HARBOUR CS","1108446","1976-01-03 17:00","1976","01","03","17:00"
"-123.12","49.30","VANCOUVER HARBOUR CS","1108446","1976-01-03 18:00","1976","01","03","18:00"
"-123.12","49.30","VANCOUVER HARBOUR CS","1108446","1976-01-03 19:00","1976","01","03","19:00"
"-123.12","49.30","VANCOUVER HARBOUR CS","1108446","1976-01-03 20:00","1976","01","03","20:00"
"-123.12","49.30","VANCOUVER HARBOUR CS","1108446","1976-01-03 21:00","1976","01","03","21:00"
"-123.12","49.30","VANCOUVER HARBOUR CS","1108446","1976-01-03 22:00","1976","01","03","22:00"
"-123.12","49.30","VANCOUVER HARBOUR CS","1108446","1976-01-03 23:00","1976","01","03","23:00"
"-123.12","49.30","VANCOUVER HARBOUR CS","1108446","1976-01-04 00:00","1976","01","04","00:00"
"-123.12","49.30","VANCOUVER HARBOUR CS","1108446","1976-01-04 01:00","1976","01","04","01:00"
"-123.12","49.30","VANCOUVER HARBOUR CS","1108446","1976-01-04 02:00","1976","01","04","02:00"
"-123.12","49.30","VANCOUVER HARBOUR CS","1108446","1976-01-04 03:00","1976","01","04","03:00"
"-123.12","49.30","VANCOUVER HARBOUR CS","1108446","1976-01-04 04:00","1976","01","04","04:00"
"-123.12","49.30","VANCOUVER HARBOUR CS","1108446","1976-01-04 05:00","1976","01","04","05:00"
"-123.12","49.30","VANCOUVER HARBOUR CS","1108446","1976-01-04 06:00","1976","01","04","06:00"
"-123.12","49.30","VANCOUVER HARBOUR CS","1108446","1976-01-04 07:00","1976","01","04","07:00"
"-123.12","49.30","VANCOUVER HARBOUR CS","1108446","1976-01-04 08:00","1976","01","04","08:00"
"-123.12","49.30","VANCOUVER HARBOUR CS","1108446","1976-01-04 09:00","1976","01","04","09:00"
"-123.12","49.30","VANCOUVER HARBOUR CS","1108446","1976-01-04 10:00","1976","01","04","10:00"
"-123.12","49.30","VANCOUVER HARBOUR CS","1108446","1976-01-04 11:00","1976","01","04","11:00"
"-123.12","49.30","VANCOUVER HARBOUR CS","1108446","1976-01-04 12:00","1976","01","04","12:00"
"-123.12","49.30","VANCOUVER HARBOUR CS","1108446","1976-01-04 13:00","1976","01","04","13:00"
"-123.12","49.30","VANCOUVER HARBOUR CS","1108446","1976-01-04 14:00","1976","01","04","14:00"
"-123.12","49.30","VANCOUVER HARBOUR CS","1108446","1976-01-04 15:00","1976","01","04","15:00"
"-123.12","49.30","VANCOUVER HARBOUR CS","1108446","1976-01-04 16:00","1976","01","04","16:00"
"-123.12","49.30","VANCOUVER HARBOUR CS","1108446","1976-01-04 17:00","1976","01","04","17:00"
"-123.12","49.30","VANCOUVER HARBOUR CS","1108446","1976-01-04 18:00","1976","01","04","18:00"
"-123.12","49.30","VANCOUVER HARBOUR CS","1108446","1976-01-04 19:00","1976","01","04","19:00"
"-123.12","49.30","VANCOUVER HARBOUR CS","1108446","1976-01-04 20:00","1976","01","04","20:00"
"-123.12","49.30","VANCOUVER HARBOUR CS","1108446","1976-01-04 21:00","1976","01","04","21:00"
"-123.12","49.30","VANCOUVER HARBOUR CS","1108446","1976-01-04 22:00","1976","01","04","22:00"
"-123.12","49.30","VANCOUVER HARBOUR CS","1108446","1976-01-04 23:00","1976","01","04","23:00"
"-123.12","49.30","VANCOUVER HARBOUR CS","1108446","1976-01-05 00:00","1976","01","05","00:00"
"-123.12","49.30","VANCOUVER HARBOUR CS","1108446","1976-01-05 01:00","1976","01","05","01:00"
"-123.12","49.30","VANCOUVER HARBOUR CS","1108446","1976-01-05 02:00","1976","01","05","02:00"
"-123.12","49.30","VANCOUVER HARBOUR CS","1108446","1976-01-05 03:00","1976","01","05","03:00"
"-123.12","49.30","VANCOUVER HARBOUR CS","1108446","1976-01-05 04:00","1976","01","05","04:00"
"-123.12","49.30","VANCOUVER HARBOUR CS","1108446","1976-01-05 05:00","1976","01","05","05:00"
"-123.12","49.30","VANCOUVER HARBOUR CS","1108446","1976-01-05 06:00","1976","01","05","06:00"
"-123.12","49.30","VANCOUVER HARBOUR CS","1108446","1976-01-05 07:00","1976","01","05","07:00"
"-123.12","49.30","VANCOUVER HARBOUR CS","1108446","1976-01-05 08:00","1976","01","05","08:00"
"-123.12","49.30","VANCOUVER HARBOUR CS","1108446","1976-01-05 09:00","1976","01","05","09:00"
"-123.12","49.30","VANCOUVER HARBOUR CS","1108446","1976-01-05 10:00","1976","01","05","10:00"
"-123.12","49.30","VANCOUVER HARBOUR CS","1108446","1976-01-05 11:00","1976","01","05","11:00"
"-123.12","49.30","VANCOUVER HARBOUR CS","1108446","1976-01-05 12:00","1976","01","05","12:00"
"-123.12","49.30","VANCOUVER HARBOUR CS","1108446","1976-01-05 13:00","1976","01","05","13:00"
"-123.12","49.30","VANCOUVER HARBOUR CS","1108446","1976-01-05 14:00","1976","01","05","14:00"
"-123.12","49.30","VANCOUVER HARBOUR CS","1108446","1976-01-05 15:00","1976","01","05","15:00"
"-123.12","49.30","VANCOUVER HARBOUR CS","1108446","1976-01-05 16:00","1976","01","05","16:00"
"-123.12","49.30","VANCOUVER HARBOUR CS","1108446","1976-01-05 17:00","1976","01","05","17:00"
"-123.12","49.30","VANCOUVER HARBOUR CS","1108446","1976-01-05 18:00","1976","01","05","18:00"
"-123.12","49.30","VANCOUVER HARBOUR CS","1108446","1976-01-05 19:00","1976","01","05","19:00"
"-123.12","49.30","VANCOUVER HARBOUR CS","1108446","1976-01-05 20:00","1976","01","05","20:00"
"-123.12","49.30","VANCOUVER HARBOUR CS","1108446","1976-01-05 21:00","1976","01","05","21:00"
"-123.12","49.30","VANCOUVER HARBOUR CS","1108446","1976-01-05 22:00","1976","01","05","22:00"
"-123.12","49.30","VANCOUVER HARBOUR CS","1108446","1976-01-05 23:00","1976","01","05","23:00"
"-123.12","49.30","VANCOUVER HARBOUR CS","1108446","1976-01-06 00:00","1976","01","06","00:00"
"-123.12","49.30","VANCOUVER HARBOUR CS","1108446","1976-01-06 01:00","1976","01","06","01:00"
"-123.12","49.30","VANCOUVER HARBOUR CS","1108446","1976-01-06 02:00","1976","01","06","02:00"
"-123.12","49.30","VANCOUVER HARBOUR CS","1108446","1976-01-06 03:00","1976","01","06","03:00"
"-123.12","49.30","VANCOUVER HARBOUR CS","1108446","1976-01-06 04:00","1976","01","06","04:00"
"-123.12","49.30","VANCOUVER HARBOUR CS","1108446","1976-01-06 05:00","1976","01","06","05:00"
"-123.12","49.30","VANCOUVER HARBOUR CS","1108446","1976-01-06 06:00","1976","01","06","06:00"
"-123.12","49.30","VANCOUVER HARBOUR CS","1108446","1976-01-06 07:00","1976","01","06","07:00"
"-123.12","49.30","VANCOUVER HARBOUR CS","1108446","1976-01-06 08:00","1976","01","06","08:00"
"-123.12","49.30","VANCOUVER HARBOUR CS","1108446","1976-01-06 09:00","1976","01","06","09:00"
"-123.12","49.30","VANCOUVER HARBOUR CS","1108446","1976-01-06 10:00","1976","01","06","10:00"
"-123.12","49.30","VANCOUVER HARBOUR CS","1108446","1976-01-06 11:00","1976","01","06","11:00"
"-123.12","49.30","VANCOUVER HARBOUR CS","1108446","1976-01-06 12:00","1976","01","06","12:00"
"-123.12","49.30","VANCOUVER HARBOUR CS","1108446","1976-01-06 13:00","1976","01","06","13:00"
"-123.12","49.30","VANCOUVER HARBOUR CS","1108446","1976-01-06 14:00","1976","01","06","14:00"
"-123.12","49.30","VANCOUVER HARBOUR CS","1108446","1976-01-06 15:00","1976","01","06","15:00"
"-123.12","49.30","VANCOUVER HARBOUR CS","1108446","1976-01-06 16:00","1976","01","06","16:00"
"-123.12","49.30","VANCOUVER HARBOUR CS","1108446","1976-01-06 17:00","1976","01","06","17:00"
"-123.12","49.30","VANCOUVER HARBOUR CS","1108446","1976-01-06 18:00","1976","01","06","18:00"
"-123.12","49.30","VANCOUVER HARBOUR CS","1108446","1976-01-06 19:00","1976","01","06","19:00"
"-123.12","49.30","VANCOUVER HARBOUR CS","1108446","1976-01-06 20:00","1976","01","06","20:00"
"-123.12","49.30","VANCOUVER HARBOUR CS","1108446","1976-01-06 21:00","1976","01","06","21:00"
"-123.12","49.30","VANCOUVER HARBOUR CS","1108446","1976-01-06 22:00","1976","01","06","22:00"
"-123.12","49.30","VANCOUVER HARBOUR CS","1108446","1976-01-06 23:00","1976","01","06","23:00"
"-123.12","49.30","VANCOUVER HARBOUR CS","1108446","1976-01-07 00:00","1976","01","07","00:00"
"-123.12","49.30","VANCOUVER HARBOUR CS","1108446","1976-01-07 01:00","1976","01","07","01:00"
"-123.12","49.30","VANCOUVER HARBOUR CS","1108446","1976-01-07 02:00","1976","01","07","02:00"
"-123.12","49.30","VANCOUVER HARBOUR CS","1108446","1976-01-07 03:00","1976","01","07","03:00"
"-123.12","49.30","VANCOUVER HARBOUR CS","1108446","1976-01-07 04:00","1976","01","07","04:00"
"-123.12","49.30","VANCOUVER HARBOUR CS","1108446","1976-01-07 05:00","1976","01","07","05:00"
"-123.12","49.30","VANCOUVER HARBOUR CS","1108446","1976-01-07 06:00","1976","01","07","06:00"
"-123.12","49.30","VANCOUVER HARBOUR CS","1108446","1976-01-07 07:00","1976","01","07","07:00"
"-123.12","49.30","VANCOUVER HARBOUR CS","1108446","1976-01-07 08:00","1976","01","07","08:00"
"-123.12","49.30","VANCOUVER HARBOUR CS","1108446","1976-01-07 09:00","1976","01","07","09:00"
"-123.12","49.30","VANCOUVER HARBOUR CS","1108446","1976-01-07 10:00","1976","01","07","10:00"
"-123.12","49.30","VANCOUVER HARBOUR CS","1108446","1976-01-07 11:00","1976","01","07","11:00"
"-123.12","49.30","VANCOUVER HARBOUR CS","1108446","1976-01-07 12:00","1976","01","07","12:00"
"-123.12","49.30","VANCOUVER HARBOUR CS","1108446","1976-01-07 13:00","1976","01","07","13:00"
"-123.12","49.30","VANCOUVER HARBOUR CS","1108446","1976-01-07 14:00","1976","01","07","14:00"
"-123.12","49.30","VANCOUVER HARBOUR CS","1108446","1976-01-07 15:00","1976","01","07","15:00"
"-123.12","49.30","VANCOUVER HARBOUR CS","1108446","1976-01-07 16:00","1976","01","07","16:00"
"-123.12","49.30","VANCOUVER HARBOUR CS","1108446","1976-01-07 17:00","1976","01","07","17:00"
"-123.12","49.30","VANCOUVER HARBOUR CS","1108446","1976-01-07 18:00","1976","01","07","18:00"
"-123.12","49.30","VANCOUVER HARBOUR CS","1108446","1976-01-07 19:00","1976","01","07","19:00"
"-123.12","49.30","VANCOUVER HARBOUR CS","1108446","1976-01-07 20:00","1976","01","07","20:00"
"-123.12","49.30","VANCOUVER HARBOUR CS","1108446","1976-01-07 21:00","1976","01","07","21:00"
"-123.12","49.30","VANCOUVER HARBOUR CS","1108446","1976-01-07 22:00","1976","01","07","22:00"
"-123.12","49.30","VANCOUVER HARBOUR CS","1108446","1976-01-07 23:00","1976","01","07","23:00"
"-123.12","49.30","VANCOUVER HARBOUR CS","1108446","1976-01-08 00:00","1976","01","08","00:00"
"-123.12","49.30","VANCOUVER HARBOUR CS","1108446","1976-01-08 01:00","1976","01","08","01:00"
"-123.12","49.30","VANCOUVER HARBOUR CS","1108446","1976-01-08 02:00","1976","01","08","02:00"
"-123.12","49.30","VANCOUVER HARBOUR CS","1108446","1976-01-08 03:00","1976","01","08","03:00"
"-123.12","49.30","VANCOUVER HARBOUR CS","1108446","1976-01-08 04:00","1976","01","08","04:00"
"-123.12","49.30","VANCOUVER HARBOUR CS","1108446","1976-01-08 05:00","1976","01","08","05:00"
"-123.12","49.30","VANCOUVER HARBOUR CS","1108446","1976-01-08 06:00","1976","01","08","06:00"
"-123.12","49.30","VANCOUVER HARBOUR CS","1108446","1976-01-08 07:00","1976","01","08","07:00"
"-123.12","49.30","VANCOUVER HARBOUR CS","1108446","1976-01-08 08:00","1976","01","08","08:00"
"-123.12","49.30","VANCOUVER HARBOUR CS","1108446","1976-01-08 09:00","1976","01","08","09:00"
"-123.12","49.30","VANCOUVER HARBOUR CS","1108446","1976-01-08 10:00","1976","01","08","10:00"
"-123.12","49.30","VANCOUVER HARBOUR CS","1108446","1976-01-08 11:00","1976","01","08","11:00"
"-123.12","49.30","VANCOUVER HARBOUR CS","1108446","1976-01-08 12:00","1976","01","08","12:00"
"-123.12","49.30","VANCOUVER HARBOUR CS","1108446","1976-01-08 13:00","1976","01","08","13:00"
"-123.12","49.30","VANCOUVER HARBOUR CS","1108446","1976-01-08 14:00","1976","01","08","14:00"
"-123.12","49.30","VANCOUVER HARBOUR CS","1108446","1976-01-08 15:00","1976","01","08","15:00"
"-123.12","49.30","VANCOUVER HARBOUR CS","1108446","1976-01-08 16:00","1976","01","08","16:00"
"-123.12","49.30","VANCOUVER HARBOUR CS","1108446","1976-01-08 17:00","1976","01","08","17:00"
"-123.12","49.30","VANCOUVER HARBOUR CS","1108446","1976-01-08 18:00","1976","01","08","18:00"
"-123.12","49.30","VANCOUVER HARBOUR CS","1108446","1976-01-08 19:00","1976","01","08","19:00"
"-123.12","49.30","VANCOUVER HARBOUR CS","1108446","1976-01-08 20:00","1976","01","08","20:00"
"-123.12","49.30","VANCOUVER HARBOUR CS","1108446","1976-01-08 21:00","1976","01","08","21:00"
"-123.12","49.30","VANCOUVER HARBOUR CS","1108446","1976-01-08 22:00","1976","01","08","22:00"
"-123.12","49.30","VANCOUVER HARBOUR CS","1108446","1976-01-08 23:00","1976","01","08","23:00"
"-123.12","49.30","VANCOUVER HARBOUR CS","1108446","1976-01-09 00:00","1976","01","09","00:00"
"-123.12","49.30","VANCOUVER HARBOUR CS","1108446","1976-01-09 01:00","1976","01","09","01:00"
"-123.12","49.30","VANCOUVER HARBOUR CS","1108446","1976-01-09 02:00","1976","01","09","02:00"
"-123.12","49.30","VANCOUVER HARBOUR CS","1108446","1976-01-09 03:00","1976","01","09","03:00"
"-123.12","49.30","VANCOUVER HARBOUR CS","1108446","1976-01-09 04:00","1976","01","09","04:00"
"-123.12","49.30","VANCOUVER HARBOUR CS","1108446","1976-01-09 05:00","1976","01","09","05:00"
"-123.12","49.30","VANCOUVER HARBOUR CS","1108446","1976-01-09 06:00","1976","01","09","06:00"
"-123.12","49.30","VANCOUVER HARBOUR CS","1108446","1976-01-09 07:00","1976","01","09","07:00"
"-123.12","49.30","VANCOUVER HARBOUR CS","1108446","1976-01-09 08:00","1976","01","09","08:00"
"-123.12","49.30","VANCOUVER HARBOUR CS","1108446","1976-01-09 09:00","1976","01","09","09:00"
"-123.12","49.30","VANCOUVER HARBOUR CS","1108446","1976-01-09 10:00","1976","01","09","10:00"
"-123.12","49.30","VANCOUVER HARBOUR CS","1108446","1976-01-09 11:00","1976","01","09","11:00"
"-123.12","49.30","VANCOUVER HARBOUR CS","1108446","1976-01-09 12:00","1976","01","09","12:00"
"-123.12","49.30","VANCOUVER HARBOUR CS","1108446","1976-01-09 13:00","1976","01","09","13:00"
"-123.12","49.30","VANCOUVER HARBOUR CS","1108446","1976-01-09 14:00","1976","01","09","14:00"
"-123.12","49.30","VANCOUVER HARBOUR CS","1108446","1976-01-09 15:00","1976","01","09","15:00"
"-123.12","49.30","VANCOUVER HARBOUR CS","1108446","1976-01-09 16:00","1976","01","09","16:00"
"-123.12","49.30","VANCOUVER HARBOUR CS","1108446","1976-01-09 17:00","1976","01","09","17:00"
"-123.12","49.30","VANCOUVER HARBOUR CS","1108446","1976-01-09 18:00","1976","01","09","18:00"
"-123.12","49.30","VANCOUVER HARBOUR CS","1108446","1976-01-09 19:00","1976","01","09","19:00"
"-123.12","49.30","VANCOUVER HARBOUR CS","1108446","1976-01-09 20:00","1976","01","09","20:00"
"-123.12","49.30","VANCOUVER HARBOUR CS","1108446","1976-01-09 21:00","1976","01","09","21:00"
"-123.12","49.30","VANCOUVER HARBOUR CS","1108446","1976-01-09 22:00","1976","01","09","22:00"
"-123.12","49.30","VANCOUVER HARBOUR CS","1108446","1976-01-09 23:00","1976","01","09","23:00"
"-123.12","49.30","VANCOUVER HARBOUR CS","1108446","1976-01-10 00:00","1976","01","10","00:00"
"-123.12","49.30","VANCOUVER HARBOUR CS","1108446","1976-01-10 01:00","1976","01","10","01:00"
"-123.12","49.30","VANCOUVER HARBOUR CS","1108446","1976-01-10 02:00","1976","01","10","02:00"
"-123.12","49.30","VANCOUVER HARBOUR CS","1108446","1976-01-10 03:00","1976","01","10","03:00"
"-123.12","49.30","VANCOUVER HARBOUR CS","1108446","1976-01-10 04:00","1976","01","10","04:00"
"-123.12","49.30","VANCOUVER HARBOUR CS","1108446","1976-01-10 05:00","1976","01","10","05:00"
"-123.12","49.30","VANCOUVER HARBOUR CS","1108446","1976-01-10 06:00","1976","01","10","06:00"
"-123.12","49.30","VANCOUVER HARBOUR CS","1108446","1976-01-10 07:00","1976","01","10","07:00"
"-123.12","49.30","VANCOUVER HARBOUR CS","1108446","1976-01-10 08:00","1976","01","10","08:00"
"-123.12","49.30","VANCOUVER HARBOUR CS","1108446","1976-01-10 09:00","1976","01","10","09:00"
"-123.12","49.30","VANCOUVER HARBOUR CS","1108446","1976-01-10 10:00","1976","01","10","10:00"
"-123.12","49.30","VANCOUVER HARBOUR CS","1108446","1976-01-10 11:00","1976","01","10","11:00"
"-123.12","49.30","VANCOUVER HARBOUR CS","1108446","1976-01-10 12:00","1976","01","10","12:00"
"-123.12","49.30","VANCOUVER HARBOUR CS","1108446","1976-01-10 13:00","1976","01","10","13:00"
"-123.12","49.30","VANCOUVER HARBOUR CS","1108446","1976-01-10 14:00","1976","01","10","14:00"
"-123.12","49.30","VANCOUVER HARBOUR CS","1108446","1976-01-10 15:00","1976","01","10","15:00"
"-123.12","49.30","VANCOUVER HARBOUR CS","1108446","1976-01-10 16:00","1976","01","10","16:00"
"-123.12","49.30","VANCOUVER HARBOUR CS","1108446","1976-01-10 17:00","1976","01","10","17:00"
"-123.12","49.30","VANCOUVER HARBOUR CS","1108446","1976-01-10 18:00","1976","01","10","18:00"
"-123.12","49.30","VANCOUVER HARBOUR CS","1108446","1976-01-10 19:00","1976","01","10","19:00"
"-123.12","49.30","VANCOUVER HARBOUR CS","1108446","1976-01-10 20:00","1976","01","10","20:00"
"-123.12","49.30","VANCOUVER HARBOUR CS","1108446","1976-01-10 21:00","1976","01","10","21:00"
"-123.12","49.30","VANCOUVER HARBOUR CS","1108446","1976-01-10 22:00","1976","01","10","22:00"
"-123.12","49.30","VANCOUVER HARBOUR CS","1108446","1976-01-10 23:00","1976","01","10","23:00"
"-123.12","49.30","VANCOUVER HARBOUR CS","1108446","1976-01-11 00:00","1976","01","11","00:00"
"-123.12","49.30","VANCOUVER HARBOUR CS","1108446","1976-01-11 01:00","1976","01","11","01:00"
"-123.12","49.30","VANCOUVER HARBOUR CS","1108446","1976-01-11 02:00","1976","01","11","02:00"
"-123.12","49.30","VANCOUVER HARBOUR CS","1108446","1976-01-11 03:00","1976","01","11","03:00"
"-123.12","49.30","VANCOUVER HARBOUR CS","1108446","1976-01-11 04:00","1976","01","11","04:00"
"-123.12","49.30","VANCOUVER HARBOUR CS","1108446","1976-01-11 05:00","1976","01","11","05:00"
"-123.12","49.30","VANCOUVER HARBOUR CS","1108446","1976-01-11 06:00","1976","01","11","06:00"
"-123.12","49.30","VANCOUVER HARBOUR CS","1108446","1976-01-11 07:00","1976","01","11","07:00"
"-123.12","49.30","VANCOUVER HARBOUR CS","1108446","1976-01-11 08:00","1976","01","11","08:00"
"-123.12","49.30","VANCOUVER HARBOUR CS","1108446","1976-01-11 09:00","1976","01","11","09:00"
"-123.12","49.30","VANCOUVER HARBOUR CS","1108446","1976-01-11 10:00","1976","01","11","10:00"
"-123.12","49.30","VANCOUVER HARBOUR CS","1108446","1976-01-11 11:00","1976","01","11","11:00"
"-123.12","49.30","VANCOUVER HARBOUR CS","1108446","1976-01-11 12:00","1976","01","11","12:00"
"-123.12","49.30","VANCOUVER HARBOUR CS","1108446","1976-01-11 13:00","1976","01","11","13:00"
"-123.12","49.30","VANCOUVER HARBOUR CS","1108446","1976-01-11 14:00","1976","01","11","14:00"
"-123.12","49.30","VANCOUVER HARBOUR CS","1108446","1976-01-11 15:00","1976","01","11","15:00"
"-123.12","49.30","VANCOUVER HARBOUR CS","1108446","1976-01-11 16:00","1976","01","11","16:00"
"-123.12","49.30","VANCOUVER HARBOUR CS","1108446","1976-01-11 17:00","1976","01","11","17:00"
"-123.12","49.30","VANCOUVER HARBOUR CS","1108446","1976-01-11 18:00","1976","01","11","18:00"
"-123.12","49.30","VANCOUVER HARBOUR CS","1108446","1976-01-11 19:00","1976","01","11","19:00"
"-123.12","49.30","VANCOUVER HARBOUR CS","1108446","1976-01-11 20:00","1976","01","11","20:00"
"-123.12","49.30","VANCOUVER HARBOUR CS","1108446","1976-01-11 21:00","1976","01","11","21:00"
"-123.12","49.30","VANCOUVER HARBOUR CS","1108446","1976-01-11 22:00","1976","01","11","22:00"
"-123.12","49.30","VANCOUVER HARBOUR CS","1108446","1976-01-11 23:00","1976","01","11","23:00"
"-123.12","49.30","VANCOUVER HARBOUR CS","1108446","1976-01-12 00:00","1976","01","12","00:00"
"-123.12","49.30","VANCOUVER HARBOUR CS","1108446","1976-01-12 01:00","1976","01","12","01:00"
"-123.12","49.30","VANCOUVER HARBOUR CS","1108446","1976-01-12 02:00","1976","01","12","02:00"
"-123.12","49.30","VANCOUVER HARBOUR CS","1108446","1976-01-12 03:00","1976","01","12","03:00"
"-123.12","49.30","VANCOUVER HARBOUR CS","1108446","1976-01-12 04:00","1976","01","12","04:00"
"-123.12","49.30","VANCOUVER HARBOUR CS","1108446","1976-01-12 05:00","1976","01","12","05:00"
"-123.12","49.30","VANCOUVER HARBOUR CS","1108446","1976-01-12 06:00","1976","01","12","06:00"
"-123.12","49.30","VANCOUVER HARBOUR CS","1108446","1976-01-12 07:00","1976","01","12","07:00"
"-123.12","49.30","VANCOUVER HARBOUR CS","1108446","1976-01-12 08:00","1976","01","12","08:00"
"-123.12","49.30","VANCOUVER HARBOUR CS","1108446","1976-01-12 09:00","1976","01","12","09:00"
"-123.12","49.30","VANCOUVER HARBOUR CS","1108446","1976-01-12 10:00","1976","01","12","10:00"
"-123.12","49.30","VANCOUVER HARBOUR CS","1108446","1976-01-12 11:00","1976","01","12","11:00"
"-123.12","49.30","VANCOUVER HARBOUR CS","1108446","1976-01-12 12:00","1976","01","12","12:00"
"-123.12","49.30","VANCOUVER HARBOUR CS","1108446","1976-01-12 13:00","1976","01","12","13:00"
"-123.12","49.30","VANCOUVER HARBOUR CS","1108446","1976-01-12 14:00","1976","01","12","14:00"
"-123.12","49.30","VANCOUVER HARBOUR CS","1108446","1976-01-12 15:00","1976","01","12","15:00"
"-123.12","49.30","VANCOUVER HARBOUR CS","1108446","1976-01-12 16:00","1976","01","12","16:00"
"-123.12","49.30","VANCOUVER HARBOUR CS","1108446","1976-01-12 17:00","1976","01","12","17:00"
"-123.12","49.30","VANCOUVER HARBOUR CS","1108446","1976-01-12 18:00","1976","01","12","18:00"
"-123.12","49.30","VANCOUVER HARBOUR CS","1108446","1976-01-12 19:00","1976","01","12","19:00"
"-123.12","49.30","VANCOUVER HARBOUR CS","1108446","1976-01-12 20:00","1976","01","12","20:00"
"-123.12","49.30","VANCOUVER HARBOUR CS","1108446","1976-01-12 21:00","1976","01","12","21:00"
"-123.12","49.30","VANCOUVER HARBOUR CS","1108446","1976-01-12 22:00","1976","01","12","22:00"
"-123.12","49.30","VANCOUVER HARBOUR CS","1108446","1976-01-12 23:00","1976","01","12","23:00"
"-123.12","49.30","VANCOUVER HARBOUR CS","1108446","1976-01-13 00:00","1976","01","13","00:00"
"-123.12","49.30","VANCOUVER HARBOUR CS","1108446","1976-01-13 01:00","1976","01","13","01:00"
"-123.12","49.30","VANCOUVER HARBOUR CS","1108446","1976-01-13 02:00","1976","01","13","02:00"
"-123.12","49.30","VANCOUVER HARBOUR CS","1108446","1976-01-13 03:00","1976","01","13","03:00"
"-123.12","49.30","VANCOUVER HARBOUR CS","1108446","1976-01-13 04:00","1976","01","13","04:00"
"-123.12","49.30","VANCOUVER HARBOUR CS","1108446","1976-01-13 05:00","1976","01","13","05:00"
"-123.12","49.30","VANCOUVER HARBOUR CS","1108446","1976-01-13 06:00","1976","01","13","06:00"
"-123.12","49.30","VANCOUVER HARBOUR CS","1108446","1976-01-13 07:00","1976","01","13","07:00"
"-123.12","49.30","VANCOUVER HARBOUR CS","1108446","1976-01-13 08:00","1976","01","13","08:00"
"-123.12","49.30","VANCOUVER HARBOUR CS","1108446","1976-01-13 09:00","1976","01","13","09:00"
"-123.12","49.30","VANCOUVER HARBOUR CS","1108446","1976-01-13 10:00","1976","01","13","10:00"
"-123.12","49.30","VANCOUVER HARBOUR CS","1108446","1976-01-13 11:00","1976","01","13","11:00"
"-123.12","49.30","VANCOUVER HARBOUR CS","1108446","1976-01-13 12:00","1976","01","13","12:00"
"-123.12","49.30","VANCOUVER HARBOUR CS","1108446","1976-01-13 13:00","1976","01","13","13:00"
"-123.12","49.30","VANCOUVER HARBOUR CS","1108446","1976-01-13 14:00","1976","01","13","14:00"
"-123.12","49.30","VANCOUVER HARBOUR CS","1108446","1976-01-13 15:00","1976","01","13","15:00"
"-123.12","49.30","VANCOUVER HARBOUR CS","1108446","1976-01-13 16:00","1976","01","13","16:00"
"-123.12","49.30","VANCOUVER HARBOUR CS","1108446","1976-01-13 17:00","1976","01","13","17:00"
"-123.12","49.30","VANCOUVER HARBOUR CS","1108446","1976-01-13 18:00","1976","01","13","18:00"
"-123.12","49.30","VANCOUVER HARBOUR CS","1108446","1976-01-13 19:00","1976","01","13","19:00"
"-123.12","49.30","VANCOUVER HARBOUR CS","1108446","1976-01-13 20:00","1976","01","13","20:00"
"-123.12","49.30","VANCOUVER HARBOUR CS","1108446","1976-01-13 21:00","1976","01","13","21:00"
"-123.12","49.30","VANCOUVER HARBOUR CS","1108446","1976-01-13 22:00","1976","01","13","22:00"
"-123.12","49.30","VANCOUVER HARBOUR CS","1108446","1976-01-13 23:00","1976","01","13","23:00"
"-123.12","49.30","VANCOUVER HARBOUR CS","1108446","1976-01-14 00:00","1976","01","14","00:00"
"-123.12","49.30","VANCOUVER HARBOUR CS","1108446","1976-01-14 01:00","1976","01","14","01:00"
"-123.12","49.30","VANCOUVER HARBOUR CS","1108446","1976-01-14 02:00","1976","01","14","02:00"
"-123.12","49.30","VANCOUVER HARBOUR CS","1108446","1976-01-14 03:00","1976","01","14","03:00"
"-123.12","49.30","VANCOUVER HARBOUR CS","1108446","1976-01-14 04:00","1976","01","14","04:00"
"-123.12","49.30","VANCOUVER HARBOUR CS","1108446","1976-01-14 05:00","1976","01","14","05:00"
"-123.12","49.30","VANCOUVER HARBOUR CS","1108446","1976-01-14 06:00","1976","01","14","06:00"
"-123.12","49.30","VANCOUVER HARBOUR CS","1108446","1976-01-14 07:00","1976","01","14","07:00"
"-123.12","49.30","VANCOUVER HARBOUR CS","1108446","1976-01-14 08:00","1976","01","14","08:00"
"-123.12","49.30","VANCOUVER HARBOUR CS","1108446","1976-01-14 09:00","1976","01","14","09:00"
"-123.12","49.30","VANCOUVER HARBOUR CS","1108446","1976-01-14 10:00","1976","01","14","10:00"
"-123.12","49.30","VANCOUVER HARBOUR CS","1108446","1976-01-14 11:00","1976","01","14","11:00"
"-123.12","49.30","VANCOUVER HARBOUR CS","1108446","1976-01-14 12:00","1976","01","14","12:00"
"-123.12","49.30","VANCOUVER HARBOUR CS","1108446","1976-01-14 13:00","1976","01","14","13:00"
"-123.12","49.30","VANCOUVER HARBOUR CS","1108446","1976-01-14 14:00","1976","01","14","14:00"
"-123.12","49.30","VANCOUVER HARBOUR CS","1108446","1976-01-14 15:00","1976","01","14","15:00"
"-123.12","49.30","VANCOUVER HARBOUR CS","1108446","1976-01-14 16:00","1976","01","14","16:00"
"-123.12","49.30","VANCOUVER HARBOUR CS","1108446","1976-01-14 17:00","1976","01","14","17:00"
"-123.12","49.30","VANCOUVER HARBOUR CS","1108446","1976-01-14 18:00","1976","01","14","18:00"
"-123.12","49.30","VANCOUVER HARBOUR CS","1108446","1976-01-14 19:00","1976","01","14","19:00"
"-123.12","49.30","VANCOUVER HARBOUR CS","1108446","1976-01-14 20:00","1976","01","14","20:00"
"-123.12","49.30","VANCOUVER HARBOUR CS","1108446","1976-01-14 21:00","1976","01","14","21:00"
"-123.12","49.30","VANCOUVER HARBOUR CS","1108446","1976-01-14 22:00","1976","01","14","22:00"
"-123.12","49.30","VANCOUVER HARBOUR CS","1108446","1976-01-14 23:00","1976","01","14","23:00"
"-123.12","49.30","VANCOUVER HARBOUR CS","1108446","1976-01-15 00:00","1976","01","15","00:00"
"-123.12","49.30","VANCOUVER HARBOUR CS","1108446","1976-01-15 01:00","1976","01","15","01:00"
"-123.12","49.30","VANCOUVER HARBOUR CS","1108446","1976-01-15 02:00","1976","01","15","02:00"
"-123.12","49.30","VANCOUVER HARBOUR CS","1108446","1976-01-15 03:00","1976","01","15","03:00"
"-123.12","49.30","VANCOUVER HARBOUR CS","1108446","1976-01-15 04:00","1976","01","15","04:00"
"-123.12","49.30","VANCOUVER HARBOUR CS","1108446","1976-01-15 05:00","1976","01","15","05:00"
"-123.12","49.30","VANCOUVER HARBOUR CS","1108446","1976-01-15 06:00","1976","01","15","06:00"
"-123.12","49.30","VANCOUVER HARBOUR CS","1108446","1976-01-15 07:00","1976","01","15","07:00"
"-123.12","49.30","VANCOUVER HARBOUR CS","1108446","1976-01-15 08:00","1976","01","15","08:00"
"-123.12","49.30","VANCOUVER HARBOUR CS","1108446","1976-01-15 09:00","1976","01","15","09:00"
"-123.12","49.30","VANCOUVER HARBOUR CS","1108446","1976-01-15 10:00","1976","01","15","10:00"
"-123.12","49.30","VANCOUVER HARBOUR CS","1108446","1976-01-15 11:00","1976","01","15","11:00"
"-123.12","49.30","VANCOUVER HARBOUR CS","1108446","1976-01-15 12:00","1976","01","15","12:00"
"-123.12","49.30","VANCOUVER HARBOUR CS","1108446","1976-01-15 13:00","1976","01","15","13:00"
"-123.12","49.30","VANCOUVER HARBOUR CS","1108446","1976-01-15 14:00","1976","01","15","14:00"
"-123.12","49.30","VANCOUVER HARBOUR CS","1108446","1976-01-15 15:00","1976","01","15","15:00"
"-123.12","49.30","VANCOUVER HARBOUR CS","1108446","1976-01-15 16:00","1976","01","15","16:00"
"-123.12","49.30","VANCOUVER HARBOUR CS","1108446","1976-01-15 17:00","1976","01","15","17:00"
"-123.12","49.30","VANCOUVER HARBOUR CS","1108446","1976-01-15 18:00","1976","01","15","18:00"
"-123.12","49.30","VANCOUVER HARBOUR CS","1108446","1976-01-15 19:00","1976","01","15","19:00"
"-123.12","49.30","VANCOUVER HARBOUR CS","1108446","1976-01-15 20:00","1976","01","15","20:00"
"-123.12","49.30","VANCOUVER HARBOUR CS","1108446","1976-01-15 21:00","1976","01","15","21:00"
"-123.12","49.30","VANCOUVER HARBOUR CS","1108446","1976-01-15 22:00","1976","01","15","22:00"
"-123.12","49.30","VANCOUVER HARBOUR CS","1108446","1976-01-15 23:00","1976","01","15","23:00"
"-123.12","49.30","VANCOUVER HARBOUR CS","1108446","1976-01-16 00:00","1976","01","16","00:00"
"-123.12","49.30","VANCOUVER HARBOUR CS","1108446","1976-01-16 01:00","1976","01","16","01:00"
"-123.12","49.30","VANCOUVER HARBOUR CS","1108446","1976-01-16 02:00","1976","01","16","02:00"
"-123.12","49.30","VANCOUVER HARBOUR CS","1108446","1976-01-16 03:00","1976","01","16","03:00"
"-123.12","49.30","VANCOUVER HARBOUR CS","1108446","1976-01-16 04:00","1976","01","16","04:00"
"-123.12","49.30","VANCOUVER HARBOUR CS","1108446","1976-01-16 05:00","1976","01","16","05:00"
"-123.12","49.30","VANCOUVER HARBOUR CS","1108446","1976-01-16 06:00","1976","01","16","06:00"
"-123.12","49.30","VANCOUVER HARBOUR CS","1108446","1976-01-16 07:00","1976","01","16","07:00"
"-123.12","49.30","VANCOUVER HARBOUR CS","1108446","1976-01-16 08:00","1976","01","16","08:00"
"-123.12","49.30","VANCOUVER HARBOUR CS","1108446","1976-01-16 09:00","1976","01","16","09:00"
"-123.12","49.30","VANCOUVER HARBOUR CS","1108446","1976-01-16 10:00","1976","01","16","10:00"
"-123.12","49.30","VANCOUVER HARBOUR CS","1108446","1976-01-16 11:00","1976","01","16","11:00"
"-123.12","49.30","VANCOUVER HARBOUR CS","1108446","1976-01-16 12:00","1976","01","16","12:00"
"-123.12","49.30","VANCOUVER HARBOUR CS","1108446","1976-01-16 13:00","1976","01","16","13:00"
"-123.12","49.30","VANCOUVER HARBOUR CS","1108446","1976-01-16 14:00","1976","01","16","14:00"
"-123.12","49.30","VANCOUVER HARBOUR CS","1108446","1976-01-16 15:00","1976","01","16","15:00"
"-123.12","49.30","VANCOUVER HARBOUR CS","1108446","1976-01-16 16:00","1976","01","16","16:00"
"-123.12","49.30","VANCOUVER HARBOUR CS","1108446","1976-01-16 17:00","1976","01","16","17:00"
"-123.12","49.30","VANCOUVER HARBOUR CS","1108446","1976-01-16 18:00","1976","01","16","18:00"
"-123.12","49.30","VANCOUVER HARBOUR CS","1108446","1976-01-16 19:00","1976","01","16","19:00"
"-123.12","49.30","VANCOUVER HARBOUR CS","1108446","1976-01-16 20:00","1976","01","16","20:00"
"-123.12","49.30","VANCOUVER HARBOUR CS","1108446","1976-01-16 21:00","1976","01","16","21:00"
"-123.12","49.30","VANCOUVER HARBOUR CS","1108446","1976-01-16 22:00","1976","01","16","22:00"
"-123.12","49.30","VANCOUVER HARBOUR CS","1108446","1976-01-16 23:00","1976","01","16","23:00"
"-123.12","49.30","VANCOUVER HARBOUR CS","1108446","1976-01-17 00:00","1976","01","17","00:00"
"-123.12","49.30","VANCOUVER HARBOUR CS","1108446","1976-01-17 01:00","1976","01","17","01:00"
"-123.12","49.30","VANCOUVER HARBOUR CS","1108446","1976-01-17 02:00","1976","01","17","02:00"
"-123.12","49.30","VANCOUVER HARBOUR CS","1108446","1976-01-17 03:00","1976","01","17","03:00"
"-123.12","49.30","VANCOUVER HARBOUR CS","1108446","1976-01-17 04:00","1976","01","17","04:00"
"-123.12","49.30","VANCOUVER HARBOUR CS","1108446","1976-01-17 05:00","1976","01","17","05:00"
"-123.12","49.30","VANCOUVER HARBOUR CS","1108446","1976-01-17 06:00","1976","01","17","06:00"
"-123.12","49.30","VANCOUVER HARBOUR CS","1108446","1976-01-17 07:00","1976","01","17","07:00"
"-123.12","49.30","VANCOUVER HARBOUR CS","1108446","1976-01-17 08:00","1976","01","17","08:00"
"-123.12","49.30","VANCOUVER HARBOUR CS","1108446","1976-01-17 09:00","1976","01","17","09:00"
"-123.12","49.30","VANCOUVER HARBOUR CS","1108446","1976-01-17 10:00","1976","01","17","10:00"
"-123.12","49.30","VANCOUVER HARBOUR CS","1108446","1976-01-17 11:00","1976","01","17","11:00"
"-123.12","49.30","VANCOUVER HARBOUR CS","1108446","1976-01-17 12:00","1976","01","17","12:00"
"-123.12","49.30","VANCOUVER HARBOUR CS","1108446","1976-01-17 13:00","1976","01","17","13:00"
"-123.12","49.30","VANCOUVER HARBOUR CS","1108446","1976-01-17 14:00","1976","01","17","14:00"
"-123.12","49.30","VANCOUVER HARBOUR CS","1108446","1976-01-17 15:00","1976","01","17","15:00"
"-123.12","49.30","VANCOUVER HARBOUR CS","1108446","1976-01-17 16:00","1976","01","17","16:00"
"-123.12","49.30","VANCOUVER HARBOUR CS","1108446","1976-01-17 17:00","1976","01","17","17:00"
"-123.12","49.30","VANCOUVER HARBOUR CS","1108446","1976-01-17 18:00","1976","01","17","18:00"
"-123.12","49.30","VANCOUVER HARBOUR CS","1108446","1976-01-17 19:00","1976","01","17","19:00"
"-123.12","49.30","VANCOUVER HARBOUR CS","1108446","1976-01-17 20:00","1976","01","17","20:00"
"-123.12","49.30","VANCOUVER HARBOUR CS","1108446","1976-01-17 21:00","1976","01","17","21:00"
"-123.12","49.30","VANCOUVER HARBOUR CS","1108446","1976-01-17 22:00","1976","01","17","22:00"
"-123.12","49.30","VANCOUVER HARBOUR CS","1108446","1976-01-17 23:00","1976","01","17","23:00"
"-123.12","49.30","VANCOUVER HARBOUR CS","1108446","1976-01-18 00:00","1976","01","18","00:00"
"-123.12","49.30","VANCOUVER HARBOUR CS","1108446","1976-01-18 01:00","1976","01","18","01:00"
"-123.12","49.30","VANCOUVER HARBOUR CS","1108446","1976-01-18 02:00","1976","01","18","02:00"
"-123.12","49.30","VANCOUVER HARBOUR CS","1108446","1976-01-18 03:00","1976","01","18","03:00"
"-123.12","49.30","VANCOUVER HARBOUR CS","1108446","1976-01-18 04:00","1976","01","18","04:00"
"-123.12","49.30","VANCOUVER HARBOUR CS","1108446","1976-01-18 05:00","1976","01","18","05:00"
"-123.12","49.30","VANCOUVER HARBOUR CS","1108446","1976-01-18 06:00","1976","01","18","06:00"
"-123.12","49.30","VANCOUVER HARBOUR CS","1108446","1976-01-18 07:00","1976","01","18","07:00"
"-123.12","49.30","VANCOUVER HARBOUR CS","1108446","1976-01-18 08:00","1976","01","18","08:00"
"-123.12","49.30","VANCOUVER HARBOUR CS","1108446","1976-01-18 09:00","1976","01","18","09:00"
"-123.12","49.30","VANCOUVER HARBOUR CS","1108446","1976-01-18 10:00","1976","01","18","10:00"
"-123.12","49.30","VANCOUVER HARBOUR CS","1108446","1976-01-18 11:00","1976","01","18","11:00"
"-123.12","49.30","VANCOUVER HARBOUR CS","1108446","1976-01-18 12:00","1976","01","18","12:00"
"-123.12","49.30","VANCOUVER HARBOUR CS","1108446","1976-01-18 13:00","1976","01","18","13:00"
"-123.12","49.30","VANCOUVER HARBOUR CS","1108446","1976-01-18 14:00","1976","01","18","14:00"
"-123.12","49.30","VANCOUVER HARBOUR CS","1108446","1976-01-18 15:00","1976","01","18","15:00"
"-123.12","49.30","VANCOUVER HARBOUR CS","1108446","1976-01-18 16:00","1976","01","18","16:00"
"-123.12","49.30","VANCOUVER HARBOUR CS","1108446","1976-01-18 17:00","1976","01","18","17:00"
"-123.12","49.30","VANCOUVER HARBOUR CS","1108446","1976-01-18 18:00","1976","01","18","18:00"
"-123.12","49.30","VANCOUVER HARBOUR CS","1108446","1976-01-18 19:00","1976","01","18","19:00"
"-123.12","49.30","VANCOUVER HARBOUR CS","1108446","1976-01-18 20:00","1976","01","18","20:00"
"-123.12","49.30","VANCOUVER HARBOUR CS","1108446","1976-01-18 21:00","1976","01","18","21:00"
"-123.12","49.30","VANCOUVER HARBOUR CS","1108446","1976-01-18 22:00","1976","01","18","22:00"
"-123.12","49.30","VANCOUVER HARBOUR CS","1108446","1976-01-18 23:00","1976","01","18","23:00"
"-123.12","49.30","VANCOUVER HARBOUR CS","1108446","1976-01-19 00:00","1976","01","19","00:00"
"-123.12","49.30","VANCOUVER HARBOUR CS","1108446","1976-01-19 01:00","1976","01","19","01:00"
"-123.12","49.30","VANCOUVER HARBOUR CS","1108446","1976-01-19 02:00","1976","01","19","02:00"
"-123.12","49.30","VANCOUVER HARBOUR CS","1108446","1976-01-19 03:00","1976","01","19","03:00"
"-123.12","49.30","VANCOUVER HARBOUR CS","1108446","1976-01-19 04:00","1976","01","19","04:00"
"-123.12","49.30","VANCOUVER HARBOUR CS","1108446","1976-01-19 05:00","1976","01","19","05:00"
"-123.12","49.30","VANCOUVER HARBOUR CS","1108446","1976-01-19 06:00","1976","01","19","06:00"
"-123.12","49.30","VANCOUVER HARBOUR CS","1108446","1976-01-19 07:00","1976","01","19","07:00"
"-123.12","49.30","VANCOUVER HARBOUR CS","1108446","1976-01-19 08:00","1976","01","19","08:00"
"-123.12","49.30","VANCOUVER HARBOUR CS","1108446","1976-01-19 09:00","1976","01","19","09:00"
"-123.12","49.30","VANCOUVER HARBOUR CS","1108446","1976-01-19 10:00","1976","01","19","10:00"
"-123.12","49.30","VANCOUVER HARBOUR CS","1108446","1976-01-19 11:00","1976","01","19","11:00"
"-123.12","49.30","VANCOUVER HARBOUR CS","1108446","1976-01-19 12:00","1976","01","19","12:00"
"-123.12","49.30","VANCOUVER HARBOUR CS","1108446","1976-01-19 13:00","1976","01","19","13:00"
"-123.12","49.30","VANCOUVER HARBOUR CS","1108446","1976-01-19 14:00","1976","01","19","14:00"
"-123.12","49.30","VANCOUVER HARBOUR CS","1108446","1976-01-19 15:00","1976","01","19","15:00"
"-123.12","49.30","VANCOUVER HARBOUR CS","1108446","1976-01-19 16:00","1976","01","19","16:00"
"-123.12","49.30","VANCOUVER HARBOUR CS","1108446","1976-01-19 17:00","1976","01","19","17:00"
"-123.12","49.30","VANCOUVER HARBOUR CS","1108446","1976-01-19 18:00","1976","01","19","18:00"
"-123.12","49.30","VANCOUVER HARBOUR CS","1108446","1976-01-19 19:00","1976","01","19","19:00"
"-123.12","49.30","VANCOUVER HARBOUR CS","1108446","1976-01-19 20:00","1976","01","19","20:00"
"-123.12","49.30","VANCOUVER HARBOUR CS","1108446","1976-01-19 21:00","1976","01","19","21:00"
"-123.12","49.30","VANCOUVER HARBOUR CS","1108446","1976-01-19 22:00","1976","01","19","22:00"
"-123.12","49.30","VANCOUVER HARBOUR CS","1108446","1976-01-19 23:00","1976","01","19","23:00"
"-123.12","49.30","VANCOUVER HARBOUR CS","1108446","1976-01-20 00:00","1976","01","20","00:00"
"-123.12","49.30","VANCOUVER HARBOUR CS","1108446","1976-01-20 01:00","1976","01","20","01:00"
"-123.12","49.30","VANCOUVER HARBOUR CS","1108446","1976-01-20 02:00","1976","01","20","02:00"
"-123.12","49.30","VANCOUVER HARBOUR CS","1108446","1976-01-20 03:00","1976","01","20","03:00"
"-123.12","49.30","VANCOUVER HARBOUR CS","1108446","1976-01-20 04:00","1976","01","20","04:00"
"-123.12","49.30","VANCOUVER HARBOUR CS","1108446","1976-01-20 05:00","1976","01","20","05:00"
"-123.12","49.30","VANCOUVER HARBOUR CS","1108446","1976-01-20 06:00","1976","01","20","06:00"
"-123.12","49.30","VANCOUVER HARBOUR CS","1108446","1976-01-20 07:00","1976","01","20","07:00","0.6","","0.6","","98","","31","","3","","0.4","","","","","","","","Fog"
"-123.12","49.30","VANCOUVER HARBOUR CS","1108446","1976-01-20 08:00","1976","01","20","08:00","1.7","","1.1","","98","","","","0","","0.4","","","","","","","","Fog"
"-123.12","49.30","VANCOUVER HARBOUR CS","1108446","1976-01-20 09:00","1976","01","20","09:00","1.7","","1.7","","100","","","","0","","0.2","","","","","","","","Fog"
"-123.12","49.30","VANCOUVER HARBOUR CS","1108446","1976-01-20 10:00","1976","01","20","10:00","1.7","","1.7","","100","","5","","3","","0.2","","","","","","","","Fog"
"-123.12","49.30","VANCOUVER HARBOUR CS","1108446","1976-01-20 11:00","1976","01","20","11:00","1.7","","1.1","","98","","6","","5","","0.2","","","","","","","","Fog"
"-123.12","49.30","VANCOUVER HARBOUR CS","1108446","1976-01-20 12:00","1976","01","20","12:00","1.7","","1.7","","98","","","","0","","0.2","","","","","","","","Fog"
"-123.12","49.30","VANCOUVER HARBOUR CS","1108446","1976-01-20 13:00","1976","01","20","13:00","2.8","","2.2","","96","","","","0","","0.2","","","","","","","","Fog"
"-123.12","49.30","VANCOUVER HARBOUR CS","1108446","1976-01-20 14:00","1976","01","20","14:00","2.2","","2.2","","100","","4","","3","","0.2","","","","","","","","Fog"
"-123.12","49.30","VANCOUVER HARBOUR CS","1108446","1976-01-20 15:00","1976","01","20","15:00","2.8","","2.8","","98","","","","0","","0.2","","","","","","","","Fog"
"-123.12","49.30","VANCOUVER HARBOUR CS","1108446","1976-01-20 16:00","1976","01","20","16:00","2.8","","2.8","","98","","","","0","","0.4","","","","","","","","Fog"
"-123.12","49.30","VANCOUVER HARBOUR CS","1108446","1976-01-20 17:00","1976","01","20","17:00","2.2","","2.2","","98","","","","0","","0.2","","","","","","","","Fog"
"-123.12","49.30","VANCOUVER HARBOUR CS","1108446","1976-01-20 18:00","1976","01","20","18:00","2.2","","2.2","","98","","","","0","","0.0","","","","","","","","Fog"
"-123.12","49.30","VANCOUVER HARBOUR CS","1108446","1976-01-20 19:00","1976","01","20","19:00","2.2","","2.2","","100","","1","","3","","0.0","","","","","","","","Fog"
"-123.12","49.30","VANCOUVER HARBOUR CS","1108446","1976-01-20 20:00","1976","01","20","20:00"
"-123.12","49.30","VANCOUVER HARBOUR CS","1108446","1976-01-20 21:00","1976","01","20","21:00"
"-123.12","49.30","VANCOUVER HARBOUR CS","1108446","1976-01-20 22:00","1976","01","20","22:00"
"-123.12","49.30","VANCOUVER HARBOUR CS","1108446","1976-01-20 23:00","1976","01","20","23:00"
"-123.12","49.30","VANCOUVER HARBOUR CS","1108446","1976-01-21 00:00","1976","01","21","00:00"
"-123.12","49.30","VANCOUVER HARBOUR CS","1108446","1976-01-21 01:00","1976","01","21","01:00"
"-123.12","49.30","VANCOUVER HARBOUR CS","1108446","1976-01-21 02:00","1976","01","21","02:00"
"-123.12","49.30","VANCOUVER HARBOUR CS","1108446","1976-01-21 03:00","1976","01","21","03:00"
"-123.12","49.30","VANCOUVER HARBOUR CS","1108446","1976-01-21 04:00","1976","01","21","04:00"
"-123.12","49.30","VANCOUVER HARBOUR CS","1108446","1976-01-21 05:00","1976","01","21","05:00"
"-123.12","49.30","VANCOUVER HARBOUR CS","1108446","1976-01-21 06:00","1976","01","21","06:00","1.7","","1.7","","99","","8","","8","","4.8","","","","","","","","Fog"
"-123.12","49.30","VANCOUVER HARBOUR CS","1108446","1976-01-21 07:00","1976","01","21","07:00","2.2","","1.7","","98","","15","","3","","4.8","","","","","","","","Fog"
"-123.12","49.30","VANCOUVER HARBOUR CS","1108446","1976-01-21 08:00","1976","01","21","08:00","2.2","","1.7","","96","","","","0","","20.9","","","","","","","","Mostly Cloudy"
"-123.12","49.30","VANCOUVER HARBOUR CS","1108446","1976-01-21 09:00","1976","01","21","09:00","3.3","","2.2","","92","","4","","3","","6.4","","","","","","","","Haze"
"-123.12","49.30","VANCOUVER HARBOUR CS","1108446","1976-01-21 10:00","1976","01","21","10:00","4.4","","2.2","","85","","11","","11","","6.4","","","","","","","","Haze"
"-123.12","49.30","VANCOUVER HARBOUR CS","1108446","1976-01-21 11:00","1976","01","21","11:00","4.4","","2.8","","89","","11","","11","","6.4","","","","","","","","Haze"
"-123.12","49.30","VANCOUVER HARBOUR CS","1108446","1976-01-21 12:00","1976","01","21","12:00","5.6","","2.8","","84","","10","","8","","8.0","","","","","","","","Rain,Haze"
"-123.12","49.30","VANCOUVER HARBOUR CS","1108446","1976-01-21 13:00","1976","01","21","13:00","6.1","","3.3","","83","","13","","3","","11.3","","","","","","","","Mostly Cloudy"
"-123.12","49.30","VANCOUVER HARBOUR CS","1108446","1976-01-21 14:00","1976","01","21","14:00","6.7","","3.9","","84","","25","","8","","8.0","","","","","","","","Haze"
"-123.12","49.30","VANCOUVER HARBOUR CS","1108446","1976-01-21 15:00","1976","01","21","15:00","6.1","","2.2","","75","","27","","3","","11.3","","","","","","","","Cloudy"
"-123.12","49.30","VANCOUVER HARBOUR CS","1108446","1976-01-21 16:00","1976","01","21","16:00","6.7","","2.8","","78","","36","","3","","24.1","","","","","","","","Cloudy"
"-123.12","49.30","VANCOUVER HARBOUR CS","1108446","1976-01-21 17:00","1976","01","21","17:00","6.7","","3.3","","81","","36","","10","","14.5","","","","","","","","Cloudy"
"-123.12","49.30","VANCOUVER HARBOUR CS","1108446","1976-01-21 18:00","1976","01","21","18:00","6.1","","3.3","","83","","27","","14","","14.5","","","","","","","","Cloudy"
"-123.12","49.30","VANCOUVER HARBOUR CS","1108446","1976-01-21 19:00","1976","01","21","19:00","6.1","","3.3","","82","","26","","5","","14.5","","","","","","","","Cloudy"
"-123.12","49.30","VANCOUVER HARBOUR CS","1108446","1976-01-21 20:00","1976","01","21","20:00"
"-123.12","49.30","VANCOUVER HARBOUR CS","1108446","1976-01-21 21:00","1976","01","21","21:00"
"-123.12","49.30","VANCOUVER HARBOUR CS","1108446","1976-01-21 22:00","1976","01","21","22:00"
"-123.12","49.30","VANCOUVER HARBOUR CS","1108446","1976-01-21 23:00","1976","01","21","23:00"
"-123.12","49.30","VANCOUVER HARBOUR CS","1108446","1976-01-22 00:00","1976","01","22","00:00"
"-123.12","49.30","VANCOUVER HARBOUR CS","1108446","1976-01-22 01:00","1976","01","22","01:00"
"-123.12","49.30","VANCOUVER HARBOUR CS","1108446","1976-01-22 02:00","1976","01","22","02:00"
"-123.12","49.30","VANCOUVER HARBOUR CS","1108446","1976-01-22 03:00","1976","01","22","03:00"
"-123.12","49.30","VANCOUVER HARBOUR CS","1108446","1976-01-22 04:00","1976","01","22","04:00"
"-123.12","49.30","VANCOUVER HARBOUR CS","1108446","1976-01-22 05:00","1976","01","22","05:00"
"-123.12","49.30","VANCOUVER HARBOUR CS","1108446","1976-01-22 06:00","1976","01","22","06:00","6.7","","5.0","","88","","9","","16","","11.3","","","","","","","","Moderate Rain"
"-123.12","49.30","VANCOUVER HARBOUR CS","1108446","1976-01-22 07:00","1976","01","22","07:00","6.7","","3.9","","82","","7","","11","","11.3","","","","","","","","Moderate Rain"
"-123.12","49.30","VANCOUVER HARBOUR CS","1108446","1976-01-22 08:00","1976","01","22","08:00","6.1","","3.9","","84","","6","","10","","11.3","","","","","","","","Rain"
"-123.12","49.30","VANCOUVER HARBOUR CS","1108446","1976-01-22 09:00","1976","01","22","09:00","6.1","","3.9","","88","","10","","14","","12.9","","","","","","","","Rain"
"-123.12","49.30","VANCOUVER HARBOUR CS","1108446","1976-01-22 10:00","1976","01","22","10:00","5.6","","4.4","","91","","10","","14","","8.0","","","","","","","","Rain,Fog"
"-123.12","49.30","VANCOUVER HARBOUR CS","1108446","1976-01-22 11:00","1976","01","22","11:00","5.0","","5.0","","97","","9","","13","","2.4","","","","","","","","Drizzle,Fog"
"-123.12","49.30","VANCOUVER HARBOUR CS","1108446","1976-01-22 12:00","1976","01","22","12:00","5.6","","4.4","","95","","9","","14","","2.4","","","","","","","","Drizzle,Fog"
"-123.12","49.30","VANCOUVER HARBOUR CS","1108446","1976-01-22 13:00","1976","01","22","13:00","5.6","","5.0","","95","","10","","13","","6.4","","","","","","","","Rain,Drizzle,Fog"
"-123.12","49.30","VANCOUVER HARBOUR CS","1108446","1976-01-22 14:00","1976","01","22","14:00","5.6","","4.4","","94","","8","","16","","9.7","","","","","","","","Rain,Fog"
"-123.12","49.30","VANCOUVER HARBOUR CS","1108446","1976-01-22 15:00","1976","01","22","15:00","6.1","","4.4","","92","","8","","13","","11.3","","","","","","","","Cloudy"
"-123.12","49.30","VANCOUVER HARBOUR CS","1108446","1976-01-22 16:00","1976","01","22","16:00","6.1","","4.4","","91","","8","","13","","11.3","","","","","","","","Rain"
"-123.12","49.30","VANCOUVER HARBOUR CS","1108446","1976-01-22 17:00","1976","01","22","17:00","6.1","","4.4","","91","","9","","8","","9.7","","","","","","","","Fog"
"-123.12","49.30","VANCOUVER HARBOUR CS","1108446","1976-01-22 18:00","1976","01","22","18:00","6.1","","5.0","","94","","9","","3","","11.3","","","","","","","","Mostly Cloudy"
"-123.12","49.30","VANCOUVER HARBOUR CS","1108446","1976-01-22 19:00","1976","01","22","19:00","5.0","","3.9","","95","","","","0","","11.3","","","","","","","","Mainly Clear"
"-123.12","49.30","VANCOUVER HARBOUR CS","1108446","1976-01-22 20:00","1976","01","22","20:00"
"-123.12","49.30","VANCOUVER HARBOUR CS","1108446","1976-01-22 21:00","1976","01","22","21:00"
"-123.12","49.30","VANCOUVER HARBOUR CS","1108446","1976-01-22 22:00","1976","01","22","22:00"
"-123.12","49.30","VANCOUVER HARBOUR CS","1108446","1976-01-22 23:00","1976","01","22","23:00"
"-123.12","49.30","VANCOUVER HARBOUR CS","1108446","1976-01-23 00:00","1976","01","23","00:00"
"-123.12","49.30","VANCOUVER HARBOUR CS","1108446","1976-01-23 01:00","1976","01","23","01:00"
"-123.12","49.30","VANCOUVER HARBOUR CS","1108446","1976-01-23 02:00","1976","01","23","02:00"
"-123.12","49.30","VANCOUVER HARBOUR CS","1108446","1976-01-23 03:00","1976","01","23","03:00"
"-123.12","49.30","VANCOUVER HARBOUR CS","1108446","1976-01-23 04:00","1976","01","23","04:00"
"-123.12","49.30","VANCOUVER HARBOUR CS","1108446","1976-01-23 05:00","1976","01","23","05:00"
"-123.12","49.30","VANCOUVER HARBOUR CS","1108446","1976-01-23 06:00","1976","01","23","06:00","2.2","","1.7","","96","","3","","8","","24.1","","","","","","","","Mostly Cloudy"
"-123.12","49.30","VANCOUVER HARBOUR CS","1108446","1976-01-23 07:00","1976","01","23","07:00","3.3","","1.7","","88","","10","","2","","24.1","","","","","","","","Mostly Cloudy"
"-123.12","49.30","VANCOUVER HARBOUR CS","1108446","1976-01-23 08:00","1976","01","23","08:00","3.9","","1.7","","87","","7","","10","","24.1","","","","","","","","Mostly Cloudy"
"-123.12","49.30","VANCOUVER HARBOUR CS","1108446","1976-01-23 09:00","1976","01","23","09:00","3.3","","1.7","","88","","11","","10","","24.1","","","","","","","","Mostly Cloudy"
"-123.12","49.30","VANCOUVER HARBOUR CS","1108446","1976-01-23 10:00","1976","01","23","10:00","3.9","","2.2","","92","","8","","10","","19.3","","","","","","","","Cloudy"
"-123.12","49.30","VANCOUVER HARBOUR CS","1108446","1976-01-23 11:00","1976","01","23","11:00","4.4","","2.2","","84","","10","","5","","19.3","","","","","","","","Mostly Cloudy"
"-123.12","49.30","VANCOUVER HARBOUR CS","1108446","1976-01-23 12:00","1976","01","23","12:00","5.6","","2.2","","81","","35","","8","","19.3","","","","","","","","Mostly Cloudy"
"-123.12","49.30","VANCOUVER HARBOUR CS","1108446","1976-01-23 13:00","1976","01","23","13:00","5.6","","0.6","","70","","26","","16","","19.3","","","","","","","","Mainly Clear"
"-123.12","49.30","VANCOUVER HARBOUR CS","1108446","1976-01-23 14:00","1976","01","23","14:00","5.6","","1.1","","73","","26","","16","","25.0","","","","","","","","Mostly Cloudy"
"-123.12","49.30","VANCOUVER HARBOUR CS","1108446","1976-01-23 15:00","1976","01","23","15:00","5.6","","-0.6","","63","","27","","23","","25.0","","","","","","","","Mostly Cloudy"
"-123.12","49.30","VANCOUVER HARBOUR CS","1108446","1976-01-23 16:00","1976","01","23","16:00","5.6","","-0.6","","65","","26","","13","","25.0","","","","","","","","Mostly Cloudy"
"-123.12","49.30","VANCOUVER HARBOUR CS","1108446","1976-01-23 17:00","1976","01","23","17:00","5.6","","-0.6","","66","","27","","14","","25.0","","","","","","","","Mostly Cloudy"
"-123.12","49.30","VANCOUVER HARBOUR CS","1108446","1976-01-23 18:00","1976","01","23","18:00","5.0","","-1.7","","61","","27","","16","","25.0","","","","","","","","Mainly Clear"
"-123.12","49.30","VANCOUVER HARBOUR CS","1108446","1976-01-23 19:00","1976","01","23","19:00","5.0","","-0.6","","68","","28","","13","","25.0","","","","","","","","Clear"
"-123.12","49.30","VANCOUVER HARBOUR CS","1108446","1976-01-23 20:00","1976","01","23","20:00"
"-123.12","49.30","VANCOUVER HARBOUR CS","1108446","1976-01-23 21:00","1976","01","23","21:00"
"-123.12","49.30","VANCOUVER HARBOUR CS","1108446","1976-01-23 22:00","1976","01","23","22:00"
"-123.12","49.30","VANCOUVER HARBOUR CS","1108446","1976-01-23 23:00","1976","01","23","23:00"
"-123.12","49.30","VANCOUVER HARBOUR CS","1108446","1976-01-24 00:00","1976","01","24","00:00"
"-123.12","49.30","VANCOUVER HARBOUR CS","1108446","1976-01-24 01:00","1976","01","24","01:00"
"-123.12","49.30","VANCOUVER HARBOUR CS","1108446","1976-01-24 02:00","1976","01","24","02:00"
"-123.12","49.30","VANCOUVER HARBOUR CS","1108446","1976-01-24 03:00","1976","01","24","03:00"
"-123.12","49.30","VANCOUVER HARBOUR CS","1108446","1976-01-24 04:00","1976","01","24","04:00"
"-123.12","49.30","VANCOUVER HARBOUR CS","1108446","1976-01-24 05:00","1976","01","24","05:00"
"-123.12","49.30","VANCOUVER HARBOUR CS","1108446","1976-01-24 06:00","1976","01","24","06:00","1.7","","-1.1","","83","","10","","10","","24.1","","","","","","","","Mostly Cloudy"
"-123.12","49.30","VANCOUVER HARBOUR CS","1108446","1976-01-24 07:00","1976","01","24","07:00","1.7","","-0.6","","86","","9","","8","","24.1","","","","","","","","Mostly Cloudy"
"-123.12","49.30","VANCOUVER HARBOUR CS","1108446","1976-01-24 08:00","1976","01","24","08:00","1.7","","1.1","","95","","11","","8","","24.1","","","","","","","","Mostly Cloudy"
"-123.12","49.30","VANCOUVER HARBOUR CS","1108446","1976-01-24 09:00","1976","01","24","09:00","2.2","","0.0","","84","","10","","8","","24.1","","","","","","","","Cloudy"
"-123.12","49.30","VANCOUVER HARBOUR CS","1108446","1976-01-24 10:00","1976","01","24","10:00","2.2","","0.0","","83","","7","","10","","24.1","","","","","","","","Cloudy"
"-123.12","49.30","VANCOUVER HARBOUR CS","1108446","1976-01-24 11:00","1976","01","24","11:00","2.8","","0.6","","84","","9","","13","","24.1","","","","","","","","Cloudy"
"-123.12","49.30","VANCOUVER HARBOUR CS","1108446","1976-01-24 12:00","1976","01","24","12:00","3.3","","0.6","","82","","10","","10","","16.1","","","","","","","","Cloudy"
"-123.12","49.30","VANCOUVER HARBOUR CS","1108446","1976-01-24 13:00","1976","01","24","13:00","3.3","","1.1","","85","","9","","11","","16.1","","","","","","","","Cloudy"
"-123.12","49.30","VANCOUVER HARBOUR CS","1108446","1976-01-24 14:00","1976","01","24","14:00","3.9","","1.1","","81","","9","","13","","19.3","","","","","","","","Cloudy"
"-123.12","49.30","VANCOUVER HARBOUR CS","1108446","1976-01-24 15:00","1976","01","24","15:00","4.4","","1.7","","82","","10","","11","","19.3","","","","","","","","Cloudy"
"-123.12","49.30","VANCOUVER HARBOUR CS","1108446","1976-01-24 16:00","1976","01","24","16:00","4.4","","1.7","","82","","9","","11","","19.3","","","","","","","","Mostly Cloudy"
"-123.12","49.30","VANCOUVER HARBOUR CS","1108446","1976-01-24 17:00","1976","01","24","17:00","4.4","","1.7","","84","","10","","11","","19.3","","","","","","","","Mostly Cloudy"
"-123.12","49.30","VANCOUVER HARBOUR CS","1108446","1976-01-24 18:00","1976","01","24","18:00","4.4","","1.7","","83","","9","","8","","19.3","","","","","","","","Mostly Cloudy"
"-123.12","49.30","VANCOUVER HARBOUR CS","1108446","1976-01-24 19:00","1976","01","24","19:00","4.4","","1.1","","79","","7","","3","","19.3","","","","","","","","Mostly Cloudy"
"-123.12","49.30","VANCOUVER HARBOUR CS","1108446","1976-01-24 20:00","1976","01","24","20:00"
"-123.12","49.30","VANCOUVER HARBOUR CS","1108446","1976-01-24 21:00","1976","01","24","21:00"
"-123.12","49.30","VANCOUVER HARBOUR CS","1108446","1976-01-24 22:00","1976","01","24","22:00"
"-123.12","49.30","VANCOUVER HARBOUR CS","1108446","1976-01-24 23:00","1976","01","24","23:00"
"-123.12","49.30","VANCOUVER HARBOUR CS","1108446","1976-01-25 00:00","1976","01","25","00:00"
"-123.12","49.30","VANCOUVER HARBOUR CS","1108446","1976-01-25 01:00","1976","01","25","01:00"
"-123.12","49.30","VANCOUVER HARBOUR CS","1108446","1976-01-25 02:00","1976","01","25","02:00"
"-123.12","49.30","VANCOUVER HARBOUR CS","1108446","1976-01-25 03:00","1976","01","25","03:00"
"-123.12","49.30","VANCOUVER HARBOUR CS","1108446","1976-01-25 04:00","1976","01","25","04:00"
"-123.12","49.30","VANCOUVER HARBOUR CS","1108446","1976-01-25 05:00","1976","01","25","05:00"
"-123.12","49.30","VANCOUVER HARBOUR CS","1108446","1976-01-25 06:00","1976","01","25","06:00","3.9","","2.2","","88","","7","","10","","16.1","","","","","","","","Mostly Cloudy"
"-123.12","49.30","VANCOUVER HARBOUR CS","1108446","1976-01-25 07:00","1976","01","25","07:00","4.4","","2.2","","85","","9","","10","","16.1","","","","","","","","Cloudy"
"-123.12","49.30","VANCOUVER HARBOUR CS","1108446","1976-01-25 08:00","1976","01","25","08:00","4.4","","2.2","","88","","8","","11","","12.9","","","","","","","","Cloudy"
"-123.12","49.30","VANCOUVER HARBOUR CS","1108446","1976-01-25 09:00","1976","01","25","09:00","3.9","","2.2","","87","","6","","10","","11.3","","","","","","","","Cloudy"
"-123.12","49.30","VANCOUVER HARBOUR CS","1108446","1976-01-25 10:00","1976","01","25","10:00","4.4","","2.2","","85","","9","","8","","11.3","","","","","","","","Cloudy"
"-123.12","49.30","VANCOUVER HARBOUR CS","1108446","1976-01-25 11:00","1976","01","25","11:00","4.4","","2.8","","88","","10","","13","","9.7","","","","","","","","Smoke"
"-123.12","49.30","VANCOUVER HARBOUR CS","1108446","1976-01-25 12:00","1976","01","25","12:00","4.4","","2.8","","89","","7","","10","","9.7","","","","","","","","Smoke"
"-123.12","49.30","VANCOUVER HARBOUR CS","1108446","1976-01-25 13:00","1976","01","25","13:00","5.0","","2.2","","83","","6","","8","","8.0","","","","","","","","Smoke"
"-123.12","49.30","VANCOUVER HARBOUR CS","1108446","1976-01-25 14:00","1976","01","25","14:00","5.0","","2.8","","84","","7","","10","","9.7","","","","","","","","Smoke"
"-123.12","49.30","VANCOUVER HARBOUR CS","1108446","1976-01-25 15:00","1976","01","25","15:00","5.6","","2.2","","79","","10","","11","","16.1","","","","","","","","Cloudy"
"-123.12","49.30","VANCOUVER HARBOUR CS","1108446","1976-01-25 16:00","1976","01","25","16:00","5.6","","1.7","","78","","9","","10","","19.3","","","","","","","","Cloudy"
"-123.12","49.30","VANCOUVER HARBOUR CS","1108446","1976-01-25 17:00","1976","01","25","17:00","5.0","","2.2","","80","","11","","11","","19.3","","","","","","","","Cloudy"
"-123.12","49.30","VANCOUVER HARBOUR CS","1108446","1976-01-25 18:00","1976","01","25","18:00","5.0","","2.2","","81","","9","","13","","19.3","","","","","","","","Cloudy"
"-123.12","49.30","VANCOUVER HARBOUR CS","1108446","1976-01-25 19:00","1976","01","25","19:00","4.4","","2.2","","83","","11","","10","","19.3","","","","","","","","Cloudy"
"-123.12","49.30","VANCOUVER HARBOUR CS","1108446","1976-01-25 20:00","1976","01","25","20:00"
"-123.12","49.30","VANCOUVER HARBOUR CS","1108446","1976-01-25 21:00","1976","01","25","21:00"
"-123.12","49.30","VANCOUVER HARBOUR CS","1108446","1976-01-25 22:00","1976","01","25","22:00"
"-123.12","49.30","VANCOUVER HARBOUR CS","1108446","1976-01-25 23:00","1976","01","25","23:00"
"-123.12","49.30","VANCOUVER HARBOUR CS","1108446","1976-01-26 00:00","1976","01","26","00:00"
"-123.12","49.30","VANCOUVER HARBOUR CS","1108446","1976-01-26 01:00","1976","01","26","01:00"
"-123.12","49.30","VANCOUVER HARBOUR CS","1108446","1976-01-26 02:00","1976","01","26","02:00"
"-123.12","49.30","VANCOUVER HARBOUR CS","1108446","1976-01-26 03:00","1976","01","26","03:00"
"-123.12","49.30","VANCOUVER HARBOUR CS","1108446","1976-01-26 04:00","1976","01","26","04:00"
"-123.12","49.30","VANCOUVER HARBOUR CS","1108446","1976-01-26 05:00","1976","01","26","05:00"
"-123.12","49.30","VANCOUVER HARBOUR CS","1108446","1976-01-26 06:00","1976","01","26","06:00","5.6","","1.1","","73","","7","","5","","24.1","","","","","","","","Cloudy"
"-123.12","49.30","VANCOUVER HARBOUR CS","1108446","1976-01-26 07:00","1976","01","26","07:00","5.6","","1.1","","73","","6","","5","","24.1","","","","","","","","Cloudy"
"-123.12","49.30","VANCOUVER HARBOUR CS","1108446","1976-01-26 08:00","1976","01","26","08:00","5.6","","1.7","","76","","10","","13","","24.1","","","","","","","","Cloudy"
"-123.12","49.30","VANCOUVER HARBOUR CS","1108446","1976-01-26 09:00","1976","01","26","09:00","5.6","","1.7","","77","","8","","13","","12.9","","","","","","","","Cloudy"
"-123.12","49.30","VANCOUVER HARBOUR CS","1108446","1976-01-26 10:00","1976","01","26","10:00","6.7","","1.7","","70","","9","","14","","12.9","","","","","","","","Cloudy"
"-123.12","49.30","VANCOUVER HARBOUR CS","1108446","1976-01-26 11:00","1976","01","26","11:00","6.1","","2.8","","78","","9","","16","","16.1","","","","","","","","Cloudy"
"-123.12","49.30","VANCOUVER HARBOUR CS","1108446","1976-01-26 12:00","1976","01","26","12:00","6.7","","2.2","","72","","6","","13","","12.9","","","","","","","","Rain"
"-123.12","49.30","VANCOUVER HARBOUR CS","1108446","1976-01-26 13:00","1976","01","26","13:00","6.7","","2.8","","75","","7","","16","","24.1","","","","","","","","Cloudy"
"-123.12","49.30","VANCOUVER HARBOUR CS","1108446","1976-01-26 14:00","1976","01","26","14:00","6.1","","3.9","","84","","8","","16","","8.0","","","","","","","","Rain,Fog"
"-123.12","49.30","VANCOUVER HARBOUR CS","1108446","1976-01-26 15:00","1976","01","26","15:00","6.1","","3.9","","84","","6","","19","","6.4","","","","","","","","Rain,Fog"
"-123.12","49.30","VANCOUVER HARBOUR CS","1108446","1976-01-26 16:00","1976","01","26","16:00","6.1","","3.9","","84","","7","","21","","6.4","","","","","","","","Moderate Rain,Fog"
"-123.12","49.30","VANCOUVER HARBOUR CS","1108446","1976-01-26 17:00","1976","01","26","17:00","6.7","","4.4","","87","","8","","19","","6.4","","","","","","","","Moderate Rain,Fog"
"-123.12","49.30","VANCOUVER HARBOUR CS","1108446","1976-01-26 18:00","1976","01","26","18:00","6.1","","4.4","","88","","6","","21","","8.0","","","","","","","","Moderate Rain,Fog"
"-123.12","49.30","VANCOUVER HARBOUR CS","1108446","1976-01-26 19:00","1976","01","26","19:00","6.1","","4.4","","92","","6","","14","","8.0","","","","","","","","Moderate Rain,Fog"
"-123.12","49.30","VANCOUVER HARBOUR CS","1108446","1976-01-26 20:00","1976","01","26","20:00"
"-123.12","49.30","VANCOUVER HARBOUR CS","1108446","1976-01-26 21:00","1976","01","26","21:00"
"-123.12","49.30","VANCOUVER HARBOUR CS","1108446","1976-01-26 22:00","1976","01","26","22:00"
"-123.12","49.30","VANCOUVER HARBOUR CS","1108446","1976-01-26 23:00","1976","01","26","23:00"
"-123.12","49.30","VANCOUVER HARBOUR CS","1108446","1976-01-27 00:00","1976","01","27","00:00"
"-123.12","49.30","VANCOUVER HARBOUR CS","1108446","1976-01-27 01:00","1976","01","27","01:00"
"-123.12","49.30","VANCOUVER HARBOUR CS","1108446","1976-01-27 02:00","1976","01","27","02:00"
"-123.12","49.30","VANCOUVER HARBOUR CS","1108446","1976-01-27 03:00","1976","01","27","03:00"
"-123.12","49.30","VANCOUVER HARBOUR CS","1108446","1976-01-27 04:00","1976","01","27","04:00"
"-123.12","49.30","VANCOUVER HARBOUR CS","1108446","1976-01-27 05:00","1976","01","27","05:00"
"-123.12","49.30","VANCOUVER HARBOUR CS","1108446","1976-01-27 06:00","1976","01","27","06:00","8.3","","6.7","","90","","","","0","","24.1","","","","","","","","Mostly Cloudy"
"-123.12","49.30","VANCOUVER HARBOUR CS","1108446","1976-01-27 07:00","1976","01","27","07:00","8.3","","6.1","","86","","7","","3","","24.1","","","","","","","","Mostly Cloudy"
"-123.12","49.30","VANCOUVER HARBOUR CS","1108446","1976-01-27 08:00","1976","01","27","08:00","8.9","","4.4","","72","","22","","10","","16.1","","","","","","","","Mostly Cloudy"
"-123.12","49.30","VANCOUVER HARBOUR CS","1108446","1976-01-27 09:00","1976","01","27","09:00","8.3","","6.1","","85","","","","0","","12.9","","","","","","","","Mostly Cloudy"
"-123.12","49.30","VANCOUVER HARBOUR CS","1108446","1976-01-27 10:00","1976","01","27","10:00","8.9","","5.6","","82","","9","","13","","11.3","","","","","","","","Mostly Cloudy"
"-123.12","49.30","VANCOUVER HARBOUR CS","1108446","1976-01-27 11:00","1976","01","27","11:00","9.4","","6.1","","80","","8","","13","","9.7","","","","","","","","Smoke"
"-123.12","49.30","VANCOUVER HARBOUR CS","1108446","1976-01-27 12:00","1976","01","27","12:00","12.8","","5.6","","63","","29","","5","","11.3","","","","","","","","Mostly Cloudy"
"-123.12","49.30","VANCOUVER HARBOUR CS","1108446","1976-01-27 13:00","1976","01","27","13:00","11.7","","3.9","","58","","22","","11","","12.9","","","","","","","","Mostly Cloudy"
"-123.12","49.30","VANCOUVER HARBOUR CS","1108446","1976-01-27 14:00","1976","01","27","14:00","11.1","","3.3","","57","","32","","5","","12.9","","","","","","","","Mostly Cloudy"
"-123.12","49.30","VANCOUVER HARBOUR CS","1108446","1976-01-27 15:00","1976","01","27","15:00","10.6","","3.3","","62","","","","0","","12.9","","","","","","","","Mostly Cloudy"
"-123.12","49.30","VANCOUVER HARBOUR CS","1108446","1976-01-27 16:00","1976","01","27","16:00","10.0","","5.0","","70","","12","","8","","12.9","","","","","","","","Mostly Cloudy"
"-123.12","49.30","VANCOUVER HARBOUR CS","1108446","1976-01-27 17:00","1976","01","27","17:00","8.3","","5.6","","83","","5","","3","","12.9","","","","","","","","Mostly Cloudy"
"-123.12","49.30","VANCOUVER HARBOUR CS","1108446","1976-01-27 18:00","1976","01","27","18:00","7.8","","5.6","","87","","7","","5","","12.9","","","","","","","","Mainly Clear"
"-123.12","49.30","VANCOUVER HARBOUR CS","1108446","1976-01-27 19:00","1976","01","27","19:00","7.2","","5.0","","84","","9","","11","","16.1","","","","","","","","Mainly Clear"
"-123.12","49.30","VANCOUVER HARBOUR CS","1108446","1976-01-27 20:00","1976","01","27","20:00"
"-123.12","49.30","VANCOUVER HARBOUR CS","1108446","1976-01-27 21:00","1976","01","27","21:00"
"-123.12","49.30","VANCOUVER HARBOUR CS","1108446","1976-01-27 22:00","1976","01","27","22:00"
"-123.12","49.30","VANCOUVER HARBOUR CS","1108446","1976-01-27 23:00","1976","01","27","23:00"
"-123.12","49.30","VANCOUVER HARBOUR CS","1108446","1976-01-28 00:00","1976","01","28","00:00"
"-123.12","49.30","VANCOUVER HARBOUR CS","1108446","1976-01-28 01:00","1976","01","28","01:00"
"-123.12","49.30","VANCOUVER HARBOUR CS","1108446","1976-01-28 02:00","1976","01","28","02:00"
"-123.12","49.30","VANCOUVER HARBOUR CS","1108446","1976-01-28 03:00","1976","01","28","03:00"
"-123.12","49.30","VANCOUVER HARBOUR CS","1108446","1976-01-28 04:00","1976","01","28","04:00"
"-123.12","49.30","VANCOUVER HARBOUR CS","1108446","1976-01-28 05:00","1976","01","28","05:00"
"-123.12","49.30","VANCOUVER HARBOUR CS","1108446","1976-01-28 06:00","1976","01","28","06:00","7.2","","5.6","","89","","8","","10","","17.7","","","","","","","","Rain"
"-123.12","49.30","VANCOUVER HARBOUR CS","1108446","1976-01-28 07:00","1976","01","28","07:00","7.2","","6.1","","92","","8","","13","","11.3","","","","","","","","Rain"
"-123.12","49.30","VANCOUVER HARBOUR CS","1108446","1976-01-28 08:00","1976","01","28","08:00","7.2","","6.1","","91","","9","","16","","11.3","","","","","","","","Rain"
"-123.12","49.30","VANCOUVER HARBOUR CS","1108446","1976-01-28 09:00","1976","01","28","09:00","7.2","","6.1","","92","","10","","14","","11.3","","","","","","","","Cloudy"
"-123.12","49.30","VANCOUVER HARBOUR CS","1108446","1976-01-28 10:00","1976","01","28","10:00","7.8","","6.1","","89","","11","","14","","11.3","","102.23","","","","","","Cloudy"
"-123.12","49.30","VANCOUVER HARBOUR CS","1108446","1976-01-28 11:00","1976","01","28","11:00","7.8","","6.1","","91","","11","","13","","11.3","","102.22","","","","","","Cloudy"
"-123.12","49.30","VANCOUVER HARBOUR CS","1108446","1976-01-28 12:00","1976","01","28","12:00","7.8","","6.7","","91","","9","","14","","11.3","","102.15","","","","","","Cloudy"
"-123.12","49.30","VANCOUVER HARBOUR CS","1108446","1976-01-28 13:00","1976","01","28","13:00","8.9","","7.2","","88","","12","","3","","11.3","","102.05","","","","","","Cloudy"
"-123.12","49.30","VANCOUVER HARBOUR CS","1108446","1976-01-28 14:00","1976","01","28","14:00","8.3","","7.2","","92","","9","","5","","11.3","","102.01","","","","","","Cloudy"
"-123.12","49.30","VANCOUVER HARBOUR CS","1108446","1976-01-28 15:00","1976","01","28","15:00","8.3","","7.2","","92","","9","","13","","12.9","","102.12","","","","","","Cloudy"
"-123.12","49.30","VANCOUVER HARBOUR CS","1108446","1976-01-28 16:00","1976","01","28","16:00","8.9","","8.3","","95","","2","","3","","6.4","","102.25","","","","","","Rain,Fog,Smoke"
"-123.12","49.30","VANCOUVER HARBOUR CS","1108446","1976-01-28 17:00","1976","01","28","17:00","8.3","","7.8","","96","","9","","14","","8.0","","102.29","","","","","","Fog,Smoke"
"-123.12","49.30","VANCOUVER HARBOUR CS","1108446","1976-01-28 18:00","1976","01","28","18:00","8.3","","7.2","","95","","10","","19","","8.0","","102.33","","","","","","Rain,Fog,Smoke"
"-123.12","49.30","VANCOUVER HARBOUR CS","1108446","1976-01-28 19:00","1976","01","28","19:00","8.3","","7.2","","95","","12","","10","","9.7","","102.41","","","","","","Rain,Fog,Smoke"
"-123.12","49.30","VANCOUVER HARBOUR CS","1108446","1976-01-28 20:00","1976","01","28","20:00"
"-123.12","49.30","VANCOUVER HARBOUR CS","1108446","1976-01-28 21:00","1976","01","28","21:00"
"-123.12","49.30","VANCOUVER HARBOUR CS","1108446","1976-01-28 22:00","1976","01","28","22:00"
"-123.12","49.30","VANCOUVER HARBOUR CS","1108446","1976-01-28 23:00","1976","01","28","23:00"
"-123.12","49.30","VANCOUVER HARBOUR CS","1108446","1976-01-29 00:00","1976","01","29","00:00"
"-123.12","49.30","VANCOUVER HARBOUR CS","1108446","1976-01-29 01:00","1976","01","29","01:00"
"-123.12","49.30","VANCOUVER HARBOUR CS","1108446","1976-01-29 02:00","1976","01","29","02:00"
"-123.12","49.30","VANCOUVER HARBOUR CS","1108446","1976-01-29 03:00","1976","01","29","03:00"
"-123.12","49.30","VANCOUVER HARBOUR CS","1108446","1976-01-29 04:00","1976","01","29","04:00"
"-123.12","49.30","VANCOUVER HARBOUR CS","1108446","1976-01-29 05:00","1976","01","29","05:00"
"-123.12","49.30","VANCOUVER HARBOUR CS","1108446","1976-01-29 06:00","1976","01","29","06:00","7.2","","6.7","","98","","","","0","","8.0","","102.42","","","","","","Drizzle,Fog"
"-123.12","49.30","VANCOUVER HARBOUR CS","1108446","1976-01-29 07:00","1976","01","29","07:00","7.2","","6.7","","98","","","","0","","6.4","","102.39","","","","","","Drizzle,Fog"
"-123.12","49.30","VANCOUVER HARBOUR CS","1108446","1976-01-29 08:00","1976","01","29","08:00","7.2","","6.7","","98","","","","0","","4.8","","102.42","","","","","","Drizzle,Fog"
"-123.12","49.30","VANCOUVER HARBOUR CS","1108446","1976-01-29 09:00","1976","01","29","09:00","7.2","","6.7","","97","","26","","3","","2.4","","102.48","","","","","","Rain,Drizzle,Fog"
"-123.12","49.30","VANCOUVER HARBOUR CS","1108446","1976-01-29 10:00","1976","01","29","10:00","7.2","","6.7","","97","","","","0","","2.4","","102.55","","","","","","Rain,Drizzle,Fog"
"-123.12","49.30","VANCOUVER HARBOUR CS","1108446","1976-01-29 11:00","1976","01","29","11:00","7.2","","7.2","","97","","23","","5","","6.4","","102.60","","","","","","Drizzle,Fog"
"-123.12","49.30","VANCOUVER HARBOUR CS","1108446","1976-01-29 12:00","1976","01","29","12:00","7.8","","7.2","","96","","","","0","","4.8","","102.58","","","","","","Drizzle,Fog"
"-123.12","49.30","VANCOUVER HARBOUR CS","1108446","1976-01-29 13:00","1976","01","29","13:00","7.2","","6.7","","96","","26","","11","","4.8","","102.60","","","","","","Drizzle,Fog"
"-123.12","49.30","VANCOUVER HARBOUR CS","1108446","1976-01-29 14:00","1976","01","29","14:00","7.8","","7.2","","94","","27","","3","","4.8","","102.58","","","","","","Fog,Smoke"
"-123.12","49.30","VANCOUVER HARBOUR CS","1108446","1976-01-29 15:00","1976","01","29","15:00","8.3","","7.2","","94","","","","0","","6.4","","102.63","","","","","","Fog,Smoke"
"-123.12","49.30","VANCOUVER HARBOUR CS","1108446","1976-01-29 16:00","1976","01","29","16:00","7.8","","6.7","","94","","27","","5","","8.0","","102.65","","","","","","Fog,Smoke"
"-123.12","49.30","VANCOUVER HARBOUR CS","1108446","1976-01-29 17:00","1976","01","29","17:00","7.2","","6.1","","94","","25","","11","","6.4","","102.74","","","","","","Fog,Smoke"
"-123.12","49.30","VANCOUVER HARBOUR CS","1108446","1976-01-29 18:00","1976","01","29","18:00","7.2","","6.1","","93","","26","","11","","8.0","","102.82","","","","","","Fog,Smoke"
"-123.12","49.30","VANCOUVER HARBOUR CS","1108446","1976-01-29 19:00","1976","01","29","19:00","7.2","","6.7","","94","","27","","5","","8.0","","102.88","","","","","","Fog,Smoke"
"-123.12","49.30","VANCOUVER HARBOUR CS","1108446","1976-01-29 20:00","1976","01","29","20:00"
"-123.12","49.30","VANCOUVER HARBOUR CS","1108446","1976-01-29 21:00","1976","01","29","21:00"
"-123.12","49.30","VANCOUVER HARBOUR CS","1108446","1976-01-29 22:00","1976","01","29","22:00"
"-123.12","49.30","VANCOUVER HARBOUR CS","1108446","1976-01-29 23:00","1976","01","29","23:00"
"-123.12","49.30","VANCOUVER HARBOUR CS","1108446","1976-01-30 00:00","1976","01","30","00:00"
"-123.12","49.30","VANCOUVER HARBOUR CS","1108446","1976-01-30 01:00","1976","01","30","01:00"
"-123.12","49.30","VANCOUVER HARBOUR CS","1108446","1976-01-30 02:00","1976","01","30","02:00"
"-123.12","49.30","VANCOUVER HARBOUR CS","1108446","1976-01-30 03:00","1976","01","30","03:00"
"-123.12","49.30","VANCOUVER HARBOUR CS","1108446","1976-01-30 04:00","1976","01","30","04:00"
"-123.12","49.30","VANCOUVER HARBOUR CS","1108446","1976-01-30 05:00","1976","01","30","05:00"
"-123.12","49.30","VANCOUVER HARBOUR CS","1108446","1976-01-30 06:00","1976","01","30","06:00","6.1","","5.0","","93","","12","","5","","25.0","","103.63","","","","","","Mostly Cloudy"
"-123.12","49.30","VANCOUVER HARBOUR CS","1108446","1976-01-30 07:00","1976","01","30","07:00","6.1","","5.0","","92","","10","","8","","25.0","","103.57","","","","","","Mostly Cloudy"
"-123.12","49.30","VANCOUVER HARBOUR CS","1108446","1976-01-30 08:00","1976","01","30","08:00","6.1","","5.0","","92","","","","0","","25.0","","103.66","","","","","","Mostly Cloudy"
"-123.12","49.30","VANCOUVER HARBOUR CS","1108446","1976-01-30 09:00","1976","01","30","09:00","6.7","","5.0","","90","","7","","5","","25.0","","103.69","","","","","","Mostly Cloudy"
"-123.12","49.30","VANCOUVER HARBOUR CS","1108446","1976-01-30 10:00","1976","01","30","10:00","7.8","","5.6","","87","","","","0","","25.0","","103.69","","","","","","Mostly Cloudy"
"-123.12","49.30","VANCOUVER HARBOUR CS","1108446","1976-01-30 11:00","1976","01","30","11:00","7.2","","5.6","","86","","","","0","","25.0","","103.67","","","","","","Mostly Cloudy"
"-123.12","49.30","VANCOUVER HARBOUR CS","1108446","1976-01-30 12:00","1976","01","30","12:00","7.8","","5.6","","88","","35","","5","","20.9","","103.61","","","","","","Mostly Cloudy"
"-123.12","49.30","VANCOUVER HARBOUR CS","1108446","1976-01-30 13:00","1976","01","30","13:00","7.8","","5.0","","82","","28","","5","","20.9","","103.57","","","","","","Mostly Cloudy"
"-123.12","49.30","VANCOUVER HARBOUR CS","1108446","1976-01-30 14:00","1976","01","30","14:00","7.8","","4.4","","82","","","","0","","20.9","","103.53","","","","","","Mostly Cloudy"
"-123.12","49.30","VANCOUVER HARBOUR CS","1108446","1976-01-30 15:00","1976","01","30","15:00","8.3","","4.4","","76","","23","","8","","20.9","","103.51","","","","","","Mostly Cloudy"
"-123.12","49.30","VANCOUVER HARBOUR CS","1108446","1976-01-30 16:00","1976","01","30","16:00","8.3","","4.4","","75","","28","","3","","20.9","","103.52","","","","","","Mostly Cloudy"
"-123.12","49.30","VANCOUVER HARBOUR CS","1108446","1976-01-30 17:00","1976","01","30","17:00","6.7","","5.6","","91","","26","","8","","25.0","","103.47","","","","","","Mostly Cloudy"
"-123.12","49.30","VANCOUVER HARBOUR CS","1108446","1976-01-30 18:00","1976","01","30","18:00","6.7","","5.0","","92","","27","","3","","25.0","","103.47","","","","","","Mostly Cloudy"
"-123.12","49.30","VANCOUVER HARBOUR CS","1108446","1976-01-30 19:00","1976","01","30","19:00","5.6","","4.4","","94","","","","0","","25.0","","103.46","","","","","","Mostly Cloudy"
"-123.12","49.30","VANCOUVER HARBOUR CS","1108446","1976-01-30 20:00","1976","01","30","20:00"
"-123.12","49.30","VANCOUVER HARBOUR CS","1108446","1976-01-30 21:00","1976","01","30","21:00"
"-123.12","49.30","VANCOUVER HARBOUR CS","1108446","1976-01-30 22:00","1976","01","30","22:00"
"-123.12","49.30","VANCOUVER HARBOUR CS","1108446","1976-01-30 23:00","1976","01","30","23:00"
"-123.12","49.30","VANCOUVER HARBOUR CS","1108446","1976-01-31 00:00","1976","01","31","00:00"
"-123.12","49.30","VANCOUVER HARBOUR CS","1108446","1976-01-31 01:00","1976","01","31","01:00"
"-123.12","49.30","VANCOUVER HARBOUR CS","1108446","1976-01-31 02:00","1976","01","31","02:00"
"-123.12","49.30","VANCOUVER HARBOUR CS","1108446","1976-01-31 03:00","1976","01","31","03:00"
"-123.12","49.30","VANCOUVER HARBOUR CS","1108446","1976-01-31 04:00","1976","01","31","04:00"
"-123.12","49.30","VANCOUVER HARBOUR CS","1108446","1976-01-31 05:00","1976","01","31","05:00"
"-123.12","49.30","VANCOUVER HARBOUR CS","1108446","1976-01-31 06:00","1976","01","31","06:00","1.1","","1.1","","100","","","","0","","0.4","","103.13","","","","","","Fog"
"-123.12","49.30","VANCOUVER HARBOUR CS","1108446","1976-01-31 07:00","1976","01","31","07:00","2.2","","2.2","","99","","13","","5","","0.4","","103.06","","","","","","Fog"
"-123.12","49.30","VANCOUVER HARBOUR CS","1108446","1976-01-31 08:00","1976","01","31","08:00","1.7","","1.7","","98","","10","","10","","0.4","","103.04","","","","","","Fog"
"-123.12","49.30","VANCOUVER HARBOUR CS","1108446","1976-01-31 09:00","1976","01","31","09:00","1.1","","1.1","","100","","9","","5","","0.4","","103.01","","","","","","Fog"
"-123.12","49.30","VANCOUVER HARBOUR CS","1108446","1976-01-31 10:00","1976","01","31","10:00","1.7","","1.1","","98","","9","","5","","0.0","","102.98","","","","","","Fog"
"-123.12","49.30","VANCOUVER HARBOUR CS","1108446","1976-01-31 11:00","1976","01","31","11:00","2.2","","1.7","","96","","","","0","","0.0","","102.95","","","","","","Fog"
"-123.12","49.30","VANCOUVER HARBOUR CS","1108446","1976-01-31 12:00","1976","01","31","12:00","2.8","","2.8","","98","","","","0","","0.0","","102.90","","","","","","Fog"
"-123.12","49.30","VANCOUVER HARBOUR CS","1108446","1976-01-31 13:00","1976","01","31","13:00","3.3","","3.3","","98","","","","0","","0.8","","102.82","","","","","","Fog"
"-123.12","49.30","VANCOUVER HARBOUR CS","1108446","1976-01-31 14:00","1976","01","31","14:00","6.1","","3.3","","84","","25","","11","","25.0","","102.71","","","","","","Mostly Cloudy"
"-123.12","49.30","VANCOUVER HARBOUR CS","1108446","1976-01-31 15:00","1976","01","31","15:00","6.1","","3.3","","83","","26","","10","","25.0","","102.65","","","","","","Mostly Cloudy"
"-123.12","49.30","VANCOUVER HARBOUR CS","1108446","1976-01-31 16:00","1976","01","31","16:00","6.1","","3.9","","85","","28","","3","","25.0","","102.61","","","","","","Mostly Cloudy"
"-123.12","49.30","VANCOUVER HARBOUR CS","1108446","1976-01-31 17:00","1976","01","31","17:00","5.6","","3.9","","90","","","","0","","20.9","","102.58","","","","","","Mostly Cloudy"
"-123.12","49.30","VANCOUVER HARBOUR CS","1108446","1976-01-31 18:00","1976","01","31","18:00","5.0","","3.3","","90","","27","","3","","20.9","","102.59","","","","","","Mostly Cloudy"
"-123.12","49.30","VANCOUVER HARBOUR CS","1108446","1976-01-31 19:00","1976","01","31","19:00","4.4","","4.4","","100","","9","","5","","0.2","","102.57","","","","","","Fog"
"-123.12","49.30","VANCOUVER HARBOUR CS","1108446","1976-01-31 20:00","1976","01","31","20:00"
"-123.12","49.30","VANCOUVER HARBOUR CS","1108446","1976-01-31 21:00","1976","01","31","21:00"
"-123.12","49.30","VANCOUVER HARBOUR CS","1108446","1976-01-31 22:00","1976","01","31","22:00"
"-123.12","49.30","VANCOUVER HARBOUR CS","1108446","1976-01-31 23:00","1976","01","31","23:00"
